Timestamp,Ronda,Hospital_ID,Global_Accuracy,Global_Loss,Encrypt_Time_ms,Decrypt_Time_ms,End_to_End_Round_Time_ms
2026-06-30 20:16:59,1,Hospital_0,0.625,0.6314,5822.88,77.75,11560.86
2026-06-30 20:17:00,1,Hospital_1,0.625,0.6314,8129.08,79.33,11891.84
2026-06-30 20:17:01,1,Hospital_2,0.625,0.6314,7506.09,80.09,12822.41
2026-06-30 20:17:16,2,Hospital_0,0.6266,0.5733,8788.37,75.25,15418.74
2026-06-30 20:17:17,2,Hospital_1,0.6266,0.5733,6818.48,74.28,16571.79
2026-06-30 20:17:17,2,Hospital_2,0.6266,0.5733,7872.03,76.16,16808.77
2026-06-30 20:17:29,3,Hospital_0,0.7163,0.5029,4750.17,88.36,11102.25
2026-06-30 20:17:29,3,Hospital_1,0.7163,0.5029,6209.98,85.28,11459.38
2026-06-30 20:17:30,3,Hospital_2,0.7163,0.5029,5551.85,77.17,12402.67
2026-06-30 20:17:42,4,Hospital_1,0.8429,0.433,5068.09,92.74,11961.96
2026-06-30 20:17:42,4,Hospital_0,0.8429,0.433,5442.29,73.36,12195.42
2026-06-30 20:17:44,4,Hospital_2,0.8429,0.433,6046.9,73.65,13909.74
2026-06-30 20:17:58,5,Hospital_0,0.8413,0.4063,5821.62,76.41,14200.28
2026-06-30 20:18:00,5,Hospital_2,0.8413,0.4063,6697.22,81.62,15902.26
2026-06-30 20:18:02,5,Hospital_1,0.8413,0.4063,6002.49,78.05,17644.53
2026-06-30 20:26:39,1,Hospital_0,0.625,0.6314,7012.1,81.04,11962.52
2026-06-30 20:26:40,1,Hospital_1,0.625,0.6314,6156.9,82.83,12714.56
2026-06-30 20:26:41,1,Hospital_2,0.625,0.6314,5607.05,85.26,13676.71
2026-06-30 20:26:55,2,Hospital_1,0.6266,0.5733,6071.57,77.77,13841.69
2026-06-30 20:26:56,2,Hospital_2,0.6266,0.5733,6096.53,77.32,14594.23
2026-06-30 20:26:57,2,Hospital_0,0.6266,0.5733,6102.15,79.67,15490.37
2026-06-30 20:27:11,3,Hospital_1,0.7163,0.5029,4829.32,80.89,14156.04
2026-06-30 20:27:12,3,Hospital_0,0.7163,0.5029,4894.87,82.58,15224.47
2026-06-30 20:27:12,3,Hospital_2,0.7163,0.5029,7026.23,85.81,15393.94
2026-06-30 20:27:25,4,Hospital_0,0.8429,0.433,5135.47,77.39,12673.64
2026-06-30 20:27:26,4,Hospital_1,0.8429,0.433,6638.67,69.1,13660.49
2026-06-30 20:27:27,4,Hospital_2,0.8429,0.433,5999.87,89.1,14700.07
2026-06-30 20:27:41,5,Hospital_1,0.8413,0.4063,6078.49,77.08,14056.14
2026-06-30 20:27:42,5,Hospital_2,0.8413,0.4063,5891.45,82.32,14895.64
2026-06-30 20:27:43,5,Hospital_0,0.8413,0.4063,5693.13,90.33,15787.53
2026-06-30 20:28:57,1,Hospital_0,0.625,0.6314,6331.89,81.31,12079.54
2026-06-30 20:28:59,1,Hospital_2,0.625,0.6314,5680.37,75.34,13579.2
2026-06-30 20:29:00,1,Hospital_1,0.625,0.6314,5695.01,93.6,14871.85
2026-06-30 20:29:16,2,Hospital_0,0.6266,0.5733,7374.01,74.98,15481.17
2026-06-30 20:29:17,2,Hospital_2,0.6266,0.5733,8363.51,71.64,17003.99
2026-06-30 20:29:18,2,Hospital_1,0.6266,0.5733,7208.95,75.36,17679.42
2026-06-30 20:29:32,3,Hospital_0,0.7163,0.5029,6748.75,77.3,14418.55
2026-06-30 20:29:33,3,Hospital_1,0.7163,0.5029,6359.63,75.16,14903.38
2026-06-30 20:29:34,3,Hospital_2,0.7163,0.5029,7054.6,73.53,16015.08
2026-06-30 20:29:49,4,Hospital_1,0.8429,0.433,5578.12,67.9,14677.47
2026-06-30 20:29:49,4,Hospital_2,0.8429,0.433,6468.65,76.1,14999.84
2026-06-30 20:29:49,4,Hospital_0,0.8429,0.433,4439.6,82.41,15468.15
2026-06-30 20:30:04,5,Hospital_0,0.8413,0.4063,5630.87,76.83,14615.83
2026-06-30 20:30:05,5,Hospital_1,0.8413,0.4063,5233.45,78.0,14998.96
2026-06-30 20:30:06,5,Hospital_2,0.8413,0.4063,7475.5,72.71,16715.3
2026-06-30 20:30:51,1,Hospital_0,0.625,0.6314,6482.47,81.8,11614.87
2026-06-30 20:30:51,1,Hospital_1,0.625,0.6314,6635.36,74.58,11884.29
2026-06-30 20:30:53,1,Hospital_2,0.625,0.6314,5926.35,79.3,13167.5
2026-06-30 20:31:07,2,Hospital_0,0.6266,0.5733,6653.85,73.86,13914.65
2026-06-30 20:31:07,2,Hospital_1,0.6266,0.5733,7011.35,77.73,14513.75
2026-06-30 20:31:09,2,Hospital_2,0.6266,0.5733,6047.93,79.11,16099.16
2026-06-30 20:31:23,3,Hospital_0,0.7163,0.5029,5901.79,74.34,13745.16
2026-06-30 20:31:23,3,Hospital_1,0.7163,0.5029,5288.22,77.63,13818.6
2026-06-30 20:31:26,3,Hospital_2,0.7163,0.5029,5768.86,80.85,17203.91
2026-06-30 20:31:40,4,Hospital_0,0.8429,0.433,4719.0,73.83,14140.88
2026-06-30 20:31:41,4,Hospital_1,0.8429,0.433,4811.71,67.13,15110.35
2026-06-30 20:31:42,4,Hospital_2,0.8429,0.433,5383.6,74.26,15411.55
2026-06-30 20:31:55,5,Hospital_0,0.8413,0.4063,5812.94,74.68,13056.24
2026-06-30 20:31:56,5,Hospital_1,0.8413,0.4063,4110.27,70.78,13905.32
2026-06-30 20:31:56,5,Hospital_2,0.8413,0.4063,5236.62,71.26,14704.14
2026-06-30 20:32:54,1,Hospital_0,0.625,0.6314,8286.42,73.47,14880.7
2026-06-30 20:32:54,1,Hospital_1,0.625,0.6314,6863.79,69.79,15163.44
2026-06-30 20:32:55,1,Hospital_2,0.625,0.6314,8327.23,69.12,15646.97
2026-06-30 20:33:12,2,Hospital_0,0.6266,0.5733,6837.2,71.15,16727.05
2026-06-30 20:33:12,2,Hospital_1,0.6266,0.5733,9379.62,59.52,17415.06
2026-06-30 20:33:14,2,Hospital_2,0.6266,0.5733,8552.8,63.57,18792.0
2026-06-30 20:33:28,3,Hospital_0,0.7163,0.5029,7651.63,66.49,14837.57
2026-06-30 20:33:29,3,Hospital_1,0.7163,0.5029,8708.36,68.3,15004.63
2026-06-30 20:33:31,3,Hospital_2,0.7163,0.5029,7151.67,64.05,16996.82
2026-06-30 20:33:48,4,Hospital_0,0.8429,0.433,5879.25,45.43,17135.19
2026-06-30 20:33:48,4,Hospital_2,0.8429,0.433,10640.96,59.19,17709.6
2026-06-30 20:33:49,4,Hospital_1,0.8429,0.433,4804.91,53.43,18128.84
2026-06-30 20:34:03,5,Hospital_1,0.8413,0.4063,5412.0,76.47,14412.76
2026-06-30 20:34:05,5,Hospital_2,0.8413,0.4063,7515.67,82.36,16192.21
2026-06-30 20:34:05,5,Hospital_0,0.8413,0.4063,7236.83,71.05,16612.37
2026-06-30 20:50:17,1,Hospital_0,0.625,0.6314,8374.56,86.84,14530.9
2026-06-30 20:50:17,1,Hospital_1,0.625,0.6314,7185.11,78.39,14944.78
2026-06-30 20:50:18,1,Hospital_2,0.625,0.6314,7687.46,82.07,15899.36
2026-06-30 20:50:33,2,Hospital_0,0.6266,0.5733,7194.58,76.23,14716.19
2026-06-30 20:50:34,2,Hospital_1,0.6266,0.5733,7832.54,70.94,15840.48
2026-06-30 20:50:35,2,Hospital_2,0.6266,0.5733,7982.51,76.85,16890.39
2026-06-30 20:50:51,3,Hospital_0,0.7163,0.5029,7461.67,72.43,15430.39
2026-06-30 20:50:51,3,Hospital_1,0.7163,0.5029,6164.16,67.71,16039.86
2026-06-30 20:50:54,3,Hospital_2,0.7163,0.5029,6732.09,69.06,18212.05
2026-06-30 20:51:09,4,Hospital_0,0.8429,0.433,7951.21,75.74,15618.39
2026-06-30 20:51:11,4,Hospital_2,0.8429,0.433,6955.7,76.88,17595.81
2026-06-30 20:51:11,4,Hospital_1,0.8429,0.433,6385.5,75.69,17838.8
2026-06-30 20:51:30,5,Hospital_0,0.8413,0.4063,7758.52,74.21,18095.82
2026-06-30 20:51:32,5,Hospital_2,0.8413,0.4063,7043.88,76.34,20155.14
2026-06-30 20:51:32,5,Hospital_1,0.8413,0.4063,9983.15,78.31,20196.07
2026-06-30 20:52:58,1,Hospital_0,0.625,0.6314,5407.0,78.08,10554.4
2026-06-30 20:52:59,1,Hospital_1,0.625,0.6314,5919.35,96.91,10660.42
2026-06-30 20:53:00,1,Hospital_2,0.625,0.6314,6543.28,77.76,12125.92
2026-06-30 20:53:15,2,Hospital_0,0.6266,0.5733,8653.81,77.21,14837.45
2026-06-30 20:53:15,2,Hospital_1,0.6266,0.5733,6794.83,83.63,15508.86
2026-06-30 20:53:17,2,Hospital_2,0.6266,0.5733,8203.67,80.97,17093.36
2026-06-30 20:53:30,3,Hospital_1,0.7163,0.5029,4743.57,72.65,13118.28
2026-06-30 20:53:30,3,Hospital_0,0.7163,0.5029,7172.7,76.2,13253.99
2026-06-30 20:53:32,3,Hospital_2,0.7163,0.5029,5327.59,71.48,15099.24
2026-06-30 20:53:47,4,Hospital_0,0.8429,0.433,6622.46,77.05,14641.71
2026-06-30 20:53:48,4,Hospital_1,0.8429,0.433,6556.77,71.93,15497.34
2026-06-30 20:53:49,4,Hospital_2,0.8429,0.433,8307.31,69.85,16506.69
2026-06-30 20:54:02,5,Hospital_0,0.8413,0.4063,7501.58,73.82,13340.76
2026-06-30 20:54:03,5,Hospital_1,0.8413,0.4063,6950.66,80.93,14109.21
2026-06-30 20:54:05,5,Hospital_2,0.8413,0.4063,7419.82,76.15,16200.66
2026-06-30 20:54:38,1,Hospital_0,0.625,0.6314,4310.26,78.8,10701.75
2026-06-30 20:54:38,1,Hospital_1,0.625,0.6314,4938.28,81.27,11212.42
2026-06-30 20:54:39,1,Hospital_2,0.625,0.6314,4656.81,84.82,11785.83
2026-06-30 20:54:53,2,Hospital_0,0.6266,0.5733,5918.65,65.08,14101.94
2026-06-30 20:54:53,2,Hospital_1,0.6266,0.5733,4909.5,73.34,14815.3
2026-06-30 20:54:54,2,Hospital_2,0.6266,0.5733,5117.19,64.62,15188.23
2026-06-30 20:55:07,3,Hospital_0,0.7163,0.5029,6465.93,76.02,13282.12
2026-06-30 20:55:09,3,Hospital_1,0.7163,0.5029,4095.69,86.4,14902.24
2026-06-30 20:55:09,3,Hospital_2,0.7163,0.5029,4315.18,80.27,15206.76
2026-06-30 20:55:23,4,Hospital_0,0.8429,0.433,4137.32,77.29,14198.58
2026-06-30 20:55:24,4,Hospital_1,0.8429,0.433,6536.25,76.75,15209.96
2026-06-30 20:55:28,4,Hospital_2,0.8429,0.433,4436.19,82.24,18893.73
2026-06-30 20:55:42,5,Hospital_0,0.8413,0.4063,4470.38,74.99,14006.15
2026-06-30 20:55:43,5,Hospital_1,0.8413,0.4063,7365.91,73.82,15195.29
2026-06-30 20:55:44,5,Hospital_2,0.8413,0.4063,4083.64,76.52,16395.24
2026-06-30 20:56:32,1,Hospital_0,0.625,0.6314,8656.6,42.79,12299.58
2026-06-30 20:56:32,1,Hospital_1,0.625,0.6314,8481.19,38.07,12343.04
2026-06-30 20:56:33,1,Hospital_2,0.625,0.6314,6939.71,38.22,13121.84
2026-06-30 20:56:46,2,Hospital_1,0.6266,0.5733,6050.93,61.5,13229.68
2026-06-30 20:56:46,2,Hospital_0,0.6266,0.5733,7070.61,54.04,13403.4
2026-06-30 20:56:47,2,Hospital_2,0.6266,0.5733,7297.04,49.52,14103.23
2026-06-30 20:56:58,3,Hospital_1,0.7163,0.5029,3871.48,61.61,11524.01
2026-06-30 20:56:59,3,Hospital_2,0.7163,0.5029,3812.71,56.75,12003.29
2026-06-30 20:57:00,3,Hospital_0,0.7163,0.5029,3958.98,63.24,13184.46
2026-06-30 20:57:14,4,Hospital_0,0.8429,0.433,5357.94,71.26,13590.72
2026-06-30 20:57:15,4,Hospital_2,0.8429,0.433,4514.33,66.53,14506.49
2026-06-30 20:57:15,4,Hospital_1,0.8429,0.433,4037.94,66.4,14825.73
2026-06-30 20:57:27,5,Hospital_1,0.8413,0.4063,5141.09,73.15,11809.43
2026-06-30 20:57:27,5,Hospital_0,0.8413,0.4063,4167.2,73.39,12058.54
2026-06-30 20:57:29,5,Hospital_2,0.8413,0.4063,4222.75,65.87,14371.33
2026-06-30 20:59:53,1,Hospital_0,0.625,0.6314,5469.44,76.92,11330.61
2026-06-30 20:59:54,1,Hospital_1,0.625,0.6314,5019.25,98.19,11609.73
2026-06-30 20:59:55,1,Hospital_2,0.625,0.6314,4434.02,74.5,12433.76
2026-06-30 21:00:10,2,Hospital_0,0.6266,0.5733,7734.14,71.92,15065.83
2026-06-30 21:00:11,2,Hospital_1,0.6266,0.5733,8451.84,85.2,16376.01
2026-06-30 21:00:12,2,Hospital_2,0.6266,0.5733,7061.92,72.98,17189.18
2026-06-30 21:00:27,3,Hospital_0,0.7163,0.5029,7448.12,75.64,14775.44
2026-06-30 21:00:28,3,Hospital_1,0.7163,0.5029,6701.97,70.53,16187.33
2026-06-30 21:00:31,3,Hospital_2,0.7163,0.5029,7347.05,70.88,18794.0
2026-06-30 21:00:49,4,Hospital_0,0.8429,0.433,4619.09,75.39,18170.81
2026-06-30 21:00:50,4,Hospital_1,0.8429,0.433,4782.1,74.32,19368.78
2026-06-30 21:00:51,4,Hospital_2,0.8429,0.433,7591.51,77.12,20208.15
2026-06-30 21:01:06,5,Hospital_0,0.8413,0.4063,5561.84,75.94,15070.63
2026-06-30 21:01:07,5,Hospital_1,0.8413,0.4063,6817.11,74.9,16175.35
2026-06-30 21:01:08,5,Hospital_2,0.8413,0.4063,7635.51,71.93,17002.42
2026-06-30 21:01:46,1,Hospital_0,0.625,0.6314,7214.31,79.29,13352.54
2026-06-30 21:01:47,1,Hospital_1,0.625,0.6314,6791.98,90.62,14312.9
2026-06-30 21:01:47,1,Hospital_2,0.625,0.6314,4838.09,75.59,15040.39
2026-06-30 21:02:02,2,Hospital_0,0.6266,0.5733,5704.42,76.88,15086.71
2026-06-30 21:02:05,2,Hospital_1,0.6266,0.5733,6365.91,89.9,17452.14
2026-06-30 21:02:06,2,Hospital_2,0.6266,0.5733,5285.37,79.97,18499.73
2026-06-30 21:02:21,3,Hospital_0,0.7163,0.5029,4623.21,74.65,14758.41
2026-06-30 21:02:23,3,Hospital_2,0.7163,0.5029,5713.08,80.57,17508.35
2026-06-30 21:02:23,3,Hospital_1,0.7163,0.5029,5986.35,80.44,17744.25
2026-06-30 21:02:40,4,Hospital_1,0.8429,0.433,4818.67,76.48,16500.53
2026-06-30 21:02:41,4,Hospital_0,0.8429,0.433,5429.27,82.59,17526.45
2026-06-30 21:02:41,4,Hospital_2,0.8429,0.433,4830.46,91.14,17604.48
2026-06-30 21:02:57,5,Hospital_0,0.8413,0.4063,5913.04,74.07,15772.25
2026-06-30 21:02:58,5,Hospital_2,0.8413,0.4063,4605.34,73.27,17002.45
2026-06-30 21:03:00,5,Hospital_1,0.8413,0.4063,4229.8,73.28,18550.74
2026-06-30 21:03:34,1,Hospital_0,0.625,0.6314,4885.18,79.62,9453.28
2026-06-30 21:03:35,1,Hospital_1,0.625,0.6314,4451.22,74.28,10015.0
2026-06-30 21:03:36,1,Hospital_2,0.625,0.6314,4638.54,70.01,11085.49
2026-06-30 21:03:49,2,Hospital_0,0.6266,0.5733,5884.71,76.85,12940.64
2026-06-30 21:03:50,2,Hospital_2,0.6266,0.5733,4351.09,75.38,14512.33
2026-06-30 21:03:50,2,Hospital_1,0.6266,0.5733,4307.62,75.08,14615.96
2026-06-30 21:04:05,3,Hospital_0,0.7163,0.5029,7662.53,77.28,14985.44
2026-06-30 21:04:06,3,Hospital_2,0.7163,0.5029,6624.43,76.41,16003.97
2026-06-30 21:04:07,3,Hospital_1,0.7163,0.5029,5966.29,76.53,16785.26
2026-06-30 21:04:25,4,Hospital_1,0.8429,0.433,8040.03,76.24,17893.89
2026-06-30 21:04:27,4,Hospital_0,0.8429,0.433,6388.48,76.05,19517.46
2026-06-30 21:04:28,4,Hospital_2,0.8429,0.433,6246.24,76.52,21370.08
2026-06-30 21:04:44,5,Hospital_0,0.8413,0.4063,7247.93,76.82,15850.14
2026-06-30 21:04:45,5,Hospital_1,0.8413,0.4063,6355.48,72.6,16518.43
2026-06-30 21:04:48,5,Hospital_2,0.8413,0.4063,5734.09,79.15,19982.45
2026-06-30 21:06:26,1,Hospital_0,0.625,0.6314,7907.44,86.77,14009.78
2026-06-30 21:06:26,1,Hospital_1,0.625,0.6314,4661.07,80.48,14272.03
2026-06-30 21:06:28,1,Hospital_2,0.625,0.6314,5624.0,78.4,15973.71
2026-06-30 21:06:43,2,Hospital_0,0.6266,0.5733,6802.98,75.58,14511.73
2026-06-30 21:06:43,2,Hospital_1,0.6266,0.5733,6514.51,72.38,15184.02
2026-06-30 21:06:44,2,Hospital_2,0.6266,0.5733,7135.5,71.06,16203.95
2026-06-30 21:07:00,3,Hospital_0,0.7163,0.5029,7830.28,74.61,15213.45
2026-06-30 21:07:00,3,Hospital_1,0.7163,0.5029,6738.32,75.74,15985.17
2026-06-30 21:07:01,3,Hospital_2,0.7163,0.5029,7539.94,78.7,17096.96
2026-06-30 21:07:17,4,Hospital_0,0.8429,0.433,7096.22,75.34,15926.06
2026-06-30 21:07:18,4,Hospital_1,0.8429,0.433,6995.87,71.95,16877.43
2026-06-30 21:07:19,4,Hospital_2,0.8429,0.433,7898.28,73.4,17789.59
2026-06-30 21:07:35,5,Hospital_0,0.8413,0.4063,6240.22,71.95,15680.72
2026-06-30 21:07:36,5,Hospital_1,0.8413,0.4063,7309.52,79.43,16890.5
2026-06-30 21:07:38,5,Hospital_2,0.8413,0.4063,7194.15,83.43,18291.29
2026-06-30 21:09:04,1,Hospital_0,0.625,0.6314,7707.79,77.56,12861.76
2026-06-30 21:09:05,1,Hospital_1,0.625,0.6314,7493.12,76.87,13824.37
2026-06-30 21:09:05,1,Hospital_2,0.625,0.6314,6785.21,76.72,14319.63
2026-06-30 21:09:20,2,Hospital_0,0.6266,0.5733,6440.76,76.09,14842.95
2026-06-30 21:09:21,2,Hospital_1,0.6266,0.5733,7012.13,78.49,15994.35
2026-06-30 21:09:22,2,Hospital_2,0.6266,0.5733,8079.84,78.2,16402.91
2026-06-30 21:09:36,3,Hospital_0,0.7163,0.5029,6388.16,70.14,13947.52
2026-06-30 21:09:37,3,Hospital_1,0.7163,0.5029,6901.41,76.33,15114.77
2026-06-30 21:09:37,3,Hospital_2,0.7163,0.5029,5612.59,71.43,15491.09
2026-06-30 21:09:52,4,Hospital_0,0.8429,0.433,7194.23,84.68,14435.91
2026-06-30 21:09:54,4,Hospital_2,0.8429,0.433,5344.27,87.2,16401.75
2026-06-30 21:09:54,4,Hospital_1,0.8429,0.433,7142.18,76.87,16804.7
2026-06-30 21:10:09,5,Hospital_0,0.8413,0.4063,6898.74,83.87,14420.51
2026-06-30 21:10:11,5,Hospital_2,0.8413,0.4063,6993.03,82.31,16279.16
2026-06-30 21:10:11,5,Hospital_1,0.8413,0.4063,5886.8,77.33,16510.9
2026-06-30 21:12:57,1,Hospital_1,0.625,0.6314,4403.49,78.98,10759.7
2026-06-30 21:12:58,1,Hospital_0,0.625,0.6314,5467.55,74.65,11282.88
2026-06-30 21:12:58,1,Hospital_2,0.625,0.6314,4583.68,81.19,11830.96
2026-06-30 21:13:11,2,Hospital_0,0.6266,0.5733,5462.46,70.66,12288.61
2026-06-30 21:13:12,2,Hospital_1,0.6266,0.5733,4498.3,78.78,13122.13
2026-06-30 21:13:13,2,Hospital_2,0.6266,0.5733,5403.46,74.03,14595.82
2026-06-30 21:13:24,3,Hospital_0,0.7163,0.5029,5149.01,77.56,11298.45
2026-06-30 21:13:25,3,Hospital_1,0.7163,0.5029,4383.93,77.96,12123.58
2026-06-30 21:13:27,3,Hospital_2,0.7163,0.5029,5067.09,79.23,13611.79
2026-06-30 21:13:39,4,Hospital_0,0.8429,0.433,4215.05,74.43,11962.94
2026-06-30 21:13:39,4,Hospital_1,0.8429,0.433,4539.45,70.1,12418.75
2026-06-30 21:13:44,4,Hospital_2,0.8429,0.433,4914.94,72.76,17590.3
2026-06-30 21:13:59,5,Hospital_0,0.8413,0.4063,4669.82,76.45,14292.58
2026-06-30 21:13:59,5,Hospital_1,0.8413,0.4063,4458.9,76.29,14934.63
2026-06-30 21:14:02,5,Hospital_2,0.8413,0.4063,4683.22,74.76,17410.45
2026-06-30 21:14:48,1,Hospital_0,0.625,0.6314,8936.2,76.57,13316.76
2026-06-30 21:14:48,1,Hospital_1,0.625,0.6314,8068.7,76.29,13865.23
2026-06-30 21:14:49,1,Hospital_2,0.625,0.6314,7668.91,77.54,14701.7
2026-06-30 21:15:03,2,Hospital_0,0.6266,0.5733,7876.41,80.5,14316.74
2026-06-30 21:15:05,2,Hospital_1,0.6266,0.5733,8187.47,66.47,15562.4
2026-06-30 21:15:05,2,Hospital_2,0.6266,0.5733,8298.86,77.48,15799.09
2026-06-30 21:15:21,3,Hospital_0,0.7163,0.5029,9183.23,76.83,15773.36
2026-06-30 21:15:22,3,Hospital_2,0.7163,0.5029,7663.09,72.95,16808.78
2026-06-30 21:15:22,3,Hospital_1,0.7163,0.5029,7798.6,71.9,17361.62
2026-06-30 21:15:36,4,Hospital_0,0.8429,0.433,7543.72,75.37,14302.62
2026-06-30 21:15:37,4,Hospital_1,0.8429,0.433,6611.01,71.23,14795.7
2026-06-30 21:15:38,4,Hospital_2,0.8429,0.433,6909.17,71.42,16223.39
2026-06-30 21:15:55,5,Hospital_0,0.8413,0.4063,9273.27,73.24,16710.47
2026-06-30 21:15:55,5,Hospital_1,0.8413,0.4063,7631.56,75.78,16765.23
2026-06-30 21:15:58,5,Hospital_2,0.8413,0.4063,9252.86,74.69,19493.94
2026-06-30 21:17:03,1,Hospital_0,0.625,0.6314,8001.1,79.39,14385.85
2026-06-30 21:17:04,1,Hospital_1,0.625,0.6314,7336.66,78.31,15478.01
2026-06-30 21:17:05,1,Hospital_2,0.625,0.6314,7848.42,78.55,15979.27
2026-06-30 21:17:22,2,Hospital_0,0.6266,0.5733,8703.91,77.28,17087.57
2026-06-30 21:17:24,2,Hospital_2,0.6266,0.5733,7984.46,73.37,18599.21
2026-06-30 21:17:24,2,Hospital_1,0.6266,0.5733,7207.4,84.46,18902.67
2026-06-30 21:17:40,3,Hospital_0,0.7163,0.5029,8222.96,75.34,16393.55
2026-06-30 21:17:41,3,Hospital_2,0.7163,0.5029,7819.46,77.31,17385.01
2026-06-30 21:17:42,3,Hospital_1,0.7163,0.5029,8398.99,80.46,18063.14
2026-06-30 21:17:58,4,Hospital_0,0.8429,0.433,7569.86,71.28,15713.86
2026-06-30 21:17:59,4,Hospital_1,0.8429,0.433,7584.77,69.37,16705.06
2026-06-30 21:18:00,4,Hospital_2,0.8429,0.433,7800.45,67.95,17903.31
2026-06-30 21:18:16,5,Hospital_0,0.8413,0.4063,7500.33,75.0,15975.25
2026-06-30 21:18:17,5,Hospital_2,0.8413,0.4063,7709.38,73.98,17091.39
2026-06-30 21:18:17,5,Hospital_1,0.8413,0.4063,8267.4,78.94,17600.29
2026-06-30 21:18:55,1,Hospital_0,0.625,0.6314,9034.9,80.15,12990.93
2026-06-30 21:18:56,1,Hospital_1,0.625,0.6314,7510.15,78.21,13917.44
2026-06-30 21:18:56,1,Hospital_2,0.625,0.6314,7801.56,80.25,14530.75
2026-06-30 21:19:11,2,Hospital_0,0.6266,0.5733,7935.63,73.8,14827.13
2026-06-30 21:19:12,2,Hospital_1,0.6266,0.5733,7884.45,76.21,15670.91
2026-06-30 21:19:13,2,Hospital_2,0.6266,0.5733,8595.09,75.99,16804.81
2026-06-30 21:19:27,3,Hospital_1,0.7163,0.5029,7039.61,75.47,13694.11
2026-06-30 21:19:27,3,Hospital_0,0.7163,0.5029,8515.63,72.33,14050.28
2026-06-30 21:19:29,3,Hospital_2,0.7163,0.5029,6875.63,73.99,16103.59
2026-06-30 21:19:48,4,Hospital_1,0.8429,0.433,6885.03,78.72,18967.77
2026-06-30 21:19:50,4,Hospital_0,0.8429,0.433,6529.88,85.56,20236.05
2026-06-30 21:19:50,4,Hospital_2,0.8429,0.433,8060.99,77.36,20204.23
2026-06-30 21:20:05,5,Hospital_0,0.8413,0.4063,6692.74,75.63,15647.46
2026-06-30 21:20:06,5,Hospital_1,0.8413,0.4063,7249.81,77.75,16190.92
2026-06-30 21:20:07,5,Hospital_2,0.8413,0.4063,8105.95,71.82,17297.82
2026-06-30 21:21:12,1,Hospital_0,0.625,0.6314,7506.05,76.55,12220.1
2026-06-30 21:21:12,1,Hospital_1,0.625,0.6314,7765.75,68.43,12626.09
2026-06-30 21:21:13,1,Hospital_2,0.625,0.6314,7223.82,73.3,13762.08
2026-06-30 21:21:26,2,Hospital_0,0.6266,0.5733,6087.85,74.06,12843.62
2026-06-30 21:21:27,2,Hospital_1,0.6266,0.5733,6407.54,72.49,13558.5
2026-06-30 21:21:29,2,Hospital_2,0.6266,0.5733,7129.51,74.07,15201.96
2026-06-30 21:21:44,3,Hospital_0,0.7163,0.5029,5936.16,71.75,15839.98
2026-06-30 21:21:44,3,Hospital_1,0.7163,0.5029,7661.38,77.51,15848.39
2026-06-30 21:21:48,3,Hospital_2,0.7163,0.5029,7295.93,75.6,19203.41
2026-06-30 21:22:02,4,Hospital_0,0.8429,0.433,6696.2,70.06,14030.5
2026-06-30 21:22:03,4,Hospital_1,0.8429,0.433,5941.35,72.48,15559.71
2026-06-30 21:22:04,4,Hospital_2,0.8429,0.433,6362.42,82.01,15606.21
2026-06-30 21:22:17,5,Hospital_1,0.8413,0.4063,5986.61,75.12,13136.32
2026-06-30 21:22:17,5,Hospital_0,0.8413,0.4063,6083.67,78.41,13138.51
2026-06-30 21:22:18,5,Hospital_2,0.8413,0.4063,6402.03,93.61,14010.89
2026-06-30 21:23:59,1,Hospital_0,0.625,0.6314,7238.07,73.51,11100.71
2026-06-30 21:23:59,1,Hospital_1,0.625,0.6314,6409.59,77.93,11649.45
2026-06-30 21:24:00,1,Hospital_2,0.625,0.6314,7942.83,79.14,12438.89
2026-06-30 21:24:15,2,Hospital_1,0.6266,0.5733,8279.12,72.03,14585.44
2026-06-30 21:24:15,2,Hospital_2,0.6266,0.5733,8654.5,77.96,15202.69
2026-06-30 21:24:17,2,Hospital_0,0.6266,0.5733,7018.22,74.98,16864.61
2026-06-30 21:24:37,3,Hospital_1,0.7163,0.5029,4961.68,51.49,19972.71
2026-06-30 21:24:38,3,Hospital_2,0.7163,0.5029,7048.61,50.99,20958.89
2026-06-30 21:24:38,3,Hospital_0,0.7163,0.5029,7839.78,69.3,21324.84
2026-06-30 21:24:52,4,Hospital_0,0.8429,0.433,7327.43,73.78,13795.81
2026-06-30 21:24:53,4,Hospital_1,0.8429,0.433,6191.31,67.95,14333.51
2026-06-30 21:24:55,4,Hospital_2,0.8429,0.433,5045.79,70.34,16926.43
2026-06-30 21:25:07,5,Hospital_1,0.8413,0.4063,3990.17,39.7,12014.27
2026-06-30 21:25:08,5,Hospital_2,0.8413,0.4063,4828.5,37.01,12889.87
2026-06-30 21:25:08,5,Hospital_0,0.8413,0.4063,5823.9,62.31,13056.18
