Timestamp,Request_ID,Init_Duration_ms,Duration_ms,Billed_Duration_ms,Max_Memory_MB
2026-06-10 19:14:02.218,c3c9edd6-cff1-413f-a068-bddecb27ba62,817.84,79.5,898,119.0
2026-06-10 19:14:02.779,acdd65ef-66e3-4694-9280-71e053fd151f,0,40.73,41,119.0
2026-06-10 19:14:02.826,777688a9-3a82-4ce3-a519-9aee31d94d1b,0,42.17,43,119.0
2026-06-10 19:14:02.990,12232e21-3ec7-4748-bc5e-09f68e1a01fa,695.73,82.74,779,119.0
2026-06-10 19:14:03.063,a138ae32-f29c-4a82-9290-22657e0fd345,803.52,84.02,888,119.0
2026-06-10 19:14:03.079,03b0ce16-ee89-4a90-95be-478fe0f7a9c1,836.84,90.93,928,119.0
2026-06-10 19:14:03.598,c79da64c-cc32-4078-9e76-f555fc1b069a,0,50.01,51,119.0
2026-06-10 19:14:03.614,07ab8529-4c76-4961-945b-0e91c2e8a8ec,0,48.52,49,119.0
2026-06-10 19:14:03.618,969adaec-f552-4754-b027-eea5213b37dc,0,52.4,53,119.0
2026-06-10 19:14:04.443,3fa30a06-fc73-4472-b798-2e0f7dec96fe,0,52.49,53,119.0
2026-06-10 19:14:04.443,9beaa573-d3c7-4bbc-a7b7-f11f510f77ba,0,51.13,52,119.0
2026-06-10 19:14:05.239,063a70a4-6ab2-4577-a328-e50bd30aef40,0,46.05,47,119.0
2026-06-10 19:14:05.251,27635eaf-0e22-4e75-b410-b7a68ba02b63,0,45.19,46,119.0
2026-06-10 19:14:05.257,960100fc-e337-473e-9232-6c5f091cc4be,0,51.6,52,119.0
2026-06-10 19:14:06.175,67a5a240-5d5d-4b04-870b-52dc2c3f3065,0,52.69,53,119.0
2026-06-10 19:14:06.193,e586f1ee-8028-4e3b-be5f-9e938366c350,0,55.41,56,119.0
2026-06-10 19:14:06.961,37b8f495-dac7-4da9-bfe5-b2accf757a8d,0,46.57,47,119.0
2026-06-10 19:14:06.975,96c517a5-9310-4e5e-812b-5f5fccbde856,0,50.49,51,119.0
2026-06-10 19:14:07.016,92e835f8-a920-4bab-9c51-6c6aee86648a,0,82.07,83,119.0
2026-06-10 19:14:07.788,228ebe22-9e74-4f2c-8698-f68fededdc5c,0,47.47,48,119.0
2026-06-10 19:14:07.854,5d92b33e-07d0-4634-bbc0-ea2ea810608f,0,46.82,47,119.0
2026-06-10 19:14:08.781,c89956d8-7f06-48e0-80fb-122c769b3b4e,0,47.09,48,119.0
2026-06-10 19:14:09.941,1115f46d-8fe3-4783-a027-b887744a6a88,0,353.62,354,145.0
2026-06-10 19:14:09.984,ab027612-aed9-488b-938f-ef1543f08910,0,397.88,398,144.0
2026-06-10 19:14:10.030,2cf9ae96-f3c4-434f-8593-43205fb7f922,0,445.79,446,145.0
2026-06-10 19:14:10.160,a4a3a729-9b8d-4af7-a036-690648a35b85,0,15.46,16,145.0
2026-06-10 19:14:10.182,09e7cc0f-cee9-49b7-a9d3-f9b7524d69da,0,14.65,15,145.0
2026-06-10 19:14:10.389,282e47c2-aaca-4995-8025-f9e1d12619c4,0,15.75,16,145.0
2026-06-10 19:14:10.390,1e43e135-6723-450a-a653-fb057ef1069c,0,14.18,15,145.0
2026-06-10 19:14:10.408,d0feaba8-6175-48d3-8637-741a6cbdb1bb,0,13.9,14,145.0
2026-06-10 19:14:10.430,19fd2e50-b0e3-4764-bd7a-c8e675962620,0,55.84,56,119.0
2026-06-10 19:14:10.464,78dbd311-df7e-4ab6-bcb5-1d969cd5d57c,0,310.31,311,151.0
2026-06-10 19:14:10.889,583ad967-8876-4674-8804-2890242d3da8,877.33,500.24,1378,145.0
2026-06-10 19:14:10.976,26a4d965-d369-4c11-b87b-10db090aa87e,0,1.37,2,145.0
2026-06-10 19:14:10.976,10e16075-e4be-4ca5-8962-b30d0a2cd584,0,1.82,2,145.0
2026-06-10 19:14:10.987,dd318156-448e-4518-a795-fe934ca9c826,0,1.73,2,145.0
2026-06-10 19:14:10.990,cbabf252-5a5d-4097-8fd2-1c958ee48cdd,0,15.58,16,119.0
2026-06-10 19:14:10.997,9b889b67-ce53-40a7-a382-399b8debfa99,0,1.7,2,119.0
2026-06-10 19:14:10.999,4ee82b01-5d0f-40fa-b125-c90713e3ee68,0,14.29,15,145.0
2026-06-10 19:14:11.265,91e3583a-83c4-489c-ba7d-81c6b13c2301,0,27.1,28,145.0
2026-06-10 19:14:11.338,a59425ad-66ff-4e69-9dea-8963fcfc2265,0,353.47,354,151.0
2026-06-10 19:14:11.340,5f4a29a3-17d5-41ca-a1a1-294f60a533e2,0,359.59,360,151.0
2026-06-10 19:14:11.354,8a0b55c8-7da4-4f7b-831a-07803bdc0c73,712.34,54.33,767,119.0
2026-06-10 19:14:11.379,a38476d1-3c3d-4af7-85c8-32a18474de2a,0,387.2,388,151.0
2026-06-10 19:14:11.656,12cc3d5e-8b50-45d8-9196-ae79be6fcfd0,0,397.23,398,146.0
2026-06-10 19:14:11.851,0ded67a8-7f1a-45ad-9e23-425e196f66eb,0,1.52,2,119.0
2026-06-10 19:14:11.857,e7b5b4c2-1a16-4ed9-b9ec-cc5a08214ee1,0,1.23,2,119.0
2026-06-10 19:14:11.859,96810dba-f751-48ef-96f3-6a0dd446dd9c,0,1.49,2,151.0
2026-06-10 19:14:11.863,b45b7b05-b3b3-4c3f-8494-bbca28413508,0,15.8,16,146.0
2026-06-10 19:14:11.870,d0d48551-78ff-4891-a2c5-1a5e56ea6fc8,0,12.84,13,151.0
2026-06-10 19:14:11.875,401bed53-8286-4060-bbb2-ecd0197e6f4c,0,1.72,2,146.0
2026-06-10 19:14:11.889,fa3cfcf7-cfe3-4d36-b568-b0c9f6e11d97,0,14.52,15,151.0
2026-06-10 19:14:12.201,8fc6a2d2-0c1d-4eba-9220-1aa279e301f3,0,323.25,324,151.0
2026-06-10 19:14:12.259,9ce45aab-cb48-4453-afba-9c6161005ef1,0,412.69,413,151.0
2026-06-10 19:14:12.765,789cc043-10e8-4824-821f-d102fe859fb3,0,1.4,2,151.0
2026-06-10 19:14:12.766,8932d5ce-ab5b-4eb2-9031-430866bb8d4a,0,1.58,2,151.0
2026-06-10 19:14:12.767,751bcb10-ffa7-4b09-b98f-80c386aca725,0,14.45,15,151.0
2026-06-10 19:14:12.836,004a367c-1bd9-472f-96d1-64b77a323258,0,17.29,18,146.0
2026-06-10 19:14:12.898,c2399c44-3e50-4cb2-abde-6df8d9249c90,0,1.78,2,146.0
2026-06-10 19:14:13.085,f802a3b1-fdc7-41cd-8df0-96d9166ba3b5,0,312.68,313,151.0
2026-06-10 19:14:13.148,f3ded69f-e67f-4595-bd51-97459ba1874c,0,357.47,358,151.0
2026-06-10 19:14:13.171,06876b89-7fbe-42b0-87db-2528bdd2bed4,0,348.66,349,150.0
2026-06-10 19:14:13.252,615dc843-24bb-46b9-b0c7-7b4212cf2701,0,431.36,432,145.0
2026-06-10 19:14:13.657,18421667-23eb-4cc2-9f60-a68e55e606c1,0,1.5,2,150.0
2026-06-10 19:14:13.657,72918f5c-f500-4521-a32b-b7536e9cca47,0,1.66,2,151.0
2026-06-10 19:14:13.673,c17b0914-b68e-4745-b4f5-c827e4d38353,0,16.5,17,151.0
2026-06-10 19:14:13.681,e065b86c-a26d-4f33-971c-028a0f9b46ad,0,15.44,16,150.0
2026-06-10 19:14:13.734,f20a5ff3-dced-4604-a3b7-ac2325c9fbc0,0,28.49,29,150.0
2026-06-10 19:14:13.741,256ae478-1fb1-4dc3-b51c-f3e307515d85,0,14.19,15,151.0
2026-06-10 19:14:13.757,ce0dafb7-2088-4d23-9222-8d10f43c4b18,0,938.45,939,151.0
2026-06-10 19:14:13.865,2854151e-44d6-4c38-8f9b-d3eeefbcc1f6,0,1.42,2,151.0
2026-06-10 19:14:13.867,95253a05-236a-4f29-99f3-4fbb5d20bf42,0,1.81,2,151.0
2026-06-10 19:14:13.999,22e7cd25-6e3c-4663-af68-0f152ee4954f,0,332.83,333,151.0
2026-06-10 19:14:14.022,e5fba478-c28c-4210-b539-f951958a09a8,0,368.64,369,149.0
2026-06-10 19:14:14.397,67b7c3db-3201-4047-ba34-634138ffa868,0,1.4,2,149.0
2026-06-10 19:14:14.399,c46a98e6-f73c-419c-bd3c-c1a8e031c8e1,0,1.6,2,150.0
2026-06-10 19:14:14.399,b7fdbd53-570c-424b-8b58-d17cb56dbae7,0,1.78,2,151.0
2026-06-10 19:14:14.412,b4ef5ef8-953d-4754-b2a3-81dc85f33109,0,14.69,15,146.0
2026-06-10 19:14:14.415,2078823a-5943-4464-ba22-587823d4c2d4,0,17.74,18,151.0
2026-06-10 19:14:14.424,ddab01bd-5f9c-46bf-be03-c8d207e1edfe,0,16.58,17,151.0
2026-06-10 19:14:14.479,d48d64fc-3f91-47a1-90ea-4b3799d7f144,0,31.07,32,151.0
2026-06-10 19:14:14.748,331da817-414e-463f-b168-8c984c996811,0,341.14,342,151.0
2026-06-10 19:14:14.748,2509e6c5-9802-49f5-81d4-2813c773bf43,0,350.89,351,151.0
2026-06-10 19:14:15.386,b584f574-e68d-425d-bfce-dc11e4216a72,0,20.24,21,151.0
2026-06-10 19:14:15.404,aa227906-d595-428d-a844-b7a06814ae5d,0,1.46,2,151.0
2026-06-10 19:14:15.415,83c3c3a3-daac-4e10-bc3f-ff7b2cb9b635,0,14.53,15,151.0
2026-06-10 19:14:15.431,a1f517ab-c81d-4db7-bf02-c5e85e19991e,0,14.12,15,151.0
2026-06-10 19:14:15.472,8a45da90-204d-4c08-aaec-d7d4d095f0fd,0,1.49,2,151.0
2026-06-10 19:14:15.499,d0fb5b79-7c0e-4497-bdf0-665c2ec7864d,0,27.68,28,151.0
2026-06-10 19:14:15.585,1b36230c-f931-45ce-a025-91c4fc30e712,0,15.54,16,146.0
2026-06-10 19:14:15.594,c235d8d9-5a38-4262-867c-0feb774f4348,0,26.43,27,151.0
2026-06-10 19:14:15.709,7a95c64f-8985-4b8c-8adf-51078639764f,0,344.12,345,151.0
2026-06-10 19:14:15.776,f7a44aff-780f-47c6-b166-064781ab432b,0,305.35,306,152.0
2026-06-10 19:14:15.922,379abe7e-b8ac-495d-97ee-bc79f52c78a5,0,353.77,354,151.0
2026-06-10 19:14:16.167,77fbf967-c464-49a3-944e-d70f41d73bd1,0,1.73,2,151.0
2026-06-10 19:14:16.172,9f24d35a-2c31-43a0-b245-d0823a72e105,0,16.11,17,151.0
2026-06-10 19:14:16.174,ed6b093a-1197-40c2-9d3a-6b1fa2740f2c,0,1.72,2,146.0
2026-06-10 19:14:16.222,15b079ea-5ef4-46bb-bd08-6745f45af617,670.53,44.1,715,119.0
2026-06-10 19:14:16.255,38863d46-bde9-4124-a6ff-064d67b477b7,875.49,81.01,957,119.0
2026-06-10 19:14:16.468,02e0ec39-90c6-4b82-a8f6-f042b30a877b,0,303.49,304,151.0
2026-06-10 19:14:16.495,18629e45-5404-45e6-9af2-6b5a597609f8,0,321.98,322,150.0
2026-06-10 19:14:16.565,cf442bac-3962-4593-9089-78310d54e3f0,0,405.33,406,152.0
2026-06-10 19:14:17.022,08c37dc6-e987-49ac-8cc1-bb28d1104ee5,0,1.59,2,152.0
2026-06-10 19:14:17.022,3aa79a17-126c-4a28-8195-8610c8ff6754,0,1.33,2,150.0
2026-06-10 19:14:17.035,c81241ad-3fc1-47e4-a0d8-86e45a401c30,0,13.04,14,151.0
2026-06-10 19:14:17.048,de8edc13-3c81-4452-b847-94d7c595a0ec,0,1.53,2,150.0
2026-06-10 19:14:17.052,76f94612-8a33-4c0a-8ef2-5ad27f98ff3c,0,1.95,2,119.0
2026-06-10 19:14:17.069,11836fff-17b1-4a6f-ac59-b66a1dc70228,0,12.45,13,119.0
2026-06-10 19:14:17.111,953b0f11-1501-4d2f-9275-bade5cc5ebe0,0,15.09,16,119.0
2026-06-10 19:14:17.394,0a68f89d-e040-426f-a842-913359d6e02d,0,350.45,351,152.0
2026-06-10 19:14:17.413,948f6f0b-8fbc-4caa-bea7-1168153d8d53,0,364.15,365,152.0
2026-06-10 19:14:17.866,6a3dcc5c-f4e3-4465-91c5-301b22758d24,0,14.28,15,152.0
2026-06-10 19:14:17.866,43896f7d-8b3c-4b66-a168-8d1161243f47,0,16.37,17,152.0
2026-06-10 19:14:17.871,e71ac677-7101-44ff-a366-0dc0fa112ed4,0,1.61,2,119.0
2026-06-10 19:14:17.950,a7f082b7-1465-46c8-9d90-9ddbf198b9f8,0,1.46,2,152.0
2026-06-10 19:14:17.963,5b646981-8bb8-4150-a7c5-dfab69ec2111,0,15.16,16,119.0
2026-06-10 19:14:26.611,e0b92686-9bf9-4209-8f2a-d3e802cdc246,0,72.67,73,119.0
2026-06-10 19:14:27.276,8d1990dd-b4f8-4b07-893a-a68828bd3d52,0,39.28,40,119.0
2026-06-10 19:14:27.303,bc2a9ebe-2d89-4289-aad6-933b5f1e841a,0,65.35,66,152.0
2026-06-10 19:14:27.348,e0094259-dd72-44dc-a097-b149bba8ad31,0,67.61,68,152.0
2026-06-10 19:14:28.063,a2f3873f-2789-4bf1-92f0-2d7ec1b6ac24,0,44.34,45,152.0
2026-06-10 19:14:28.262,83ea9d07-f9ff-4fa9-9ef6-796e8fcc77b7,0,55.78,56,152.0
2026-06-10 19:14:29.034,6f6c42ab-e69b-484f-8868-2e82f6955bf6,0,41.88,42,152.0
2026-06-10 19:14:29.048,3f5057fe-18a3-471a-afab-aed84a0cbce1,0,40.38,41,152.0
2026-06-10 19:14:29.732,cb24cb46-2ec6-484d-8e1b-a3b374966a4e,0,42.71,43,152.0
2026-06-10 19:14:29.865,25f60b0b-07c5-4338-ab7d-fc8f690fbfde,0,39.4,40,152.0
2026-06-10 19:14:30.178,757c022c-7510-4f9f-a8b9-735c40f1e028,0,315.45,316,152.0
2026-06-10 19:14:30.630,d54cab93-f8c0-4d3a-869a-eebc598f2954,0,16.61,17,152.0
2026-06-10 19:14:30.656,e1b2b161-d5cc-4c19-b603-69830198dd10,0,1.6,2,119.0
2026-06-10 19:14:30.671,a7f557de-275e-4f9b-b769-151d61fc9248,0,38.02,39,119.0
2026-06-10 19:14:30.723,1386f083-f9c9-47b4-88a1-4b3846b327e9,0,68.41,69,150.0
2026-06-10 19:14:30.737,29e5666f-78ce-4874-b672-b5c90be9aef1,0,73.31,74,119.0
2026-06-10 19:14:30.932,69042834-75c2-45ad-b7e5-3702711ffab6,0,320.78,321,152.0
2026-06-10 19:14:30.932,65deb6a1-7ea2-474a-a286-a8a45ef3f2b9,0,297.26,298,152.0
2026-06-10 19:14:31.594,86bb75db-1654-47de-b4a8-a877c769edbb,0,1.52,2,152.0
2026-06-10 19:14:31.617,51e2eac1-68a9-4c82-ac3c-90ae5c968f37,0,1.84,2,119.0
2026-06-10 19:14:31.648,18d1ad77-dd7c-4b85-9c9c-50e17b8ce6b0,0,42.43,43,119.0
2026-06-10 19:14:31.684,f55e35c5-9920-48cf-a524-3c0e5c094634,0,76.1,77,146.0
2026-06-10 19:14:31.700,9f5f487e-7b7f-4a4a-ba48-f9d20ffeba8a,0,41.4,42,119.0
2026-06-10 19:14:31.717,bb4b1749-c119-4af9-9045-3c72bb81ff5f,0,43.23,44,119.0
2026-06-10 19:14:31.925,1c6bee8a-a8e8-4758-8fa2-01c7c2ecb92e,0,332.83,333,152.0
2026-06-10 19:14:31.928,9f28035d-a346-4ee3-840e-cf492fa45b60,0,325.5,326,152.0
2026-06-10 19:14:31.929,ffc3f8a8-978f-4231-a256-53aa1dcd2c29,0,322.92,323,150.0
2026-06-10 19:14:32.439,ed2edc3a-42bf-4e7f-be80-4372425834fa,0,2.1,3,119.0
2026-06-10 19:14:32.442,26ed4c3c-3d72-40b0-b506-e7be44966ab1,0,1.74,2,119.0
2026-06-10 19:14:32.444,45d634cb-ea1f-40fc-af80-f258ee2eb343,0,44.79,45,150.0
2026-06-10 19:14:32.444,d9cf5430-f376-466e-a550-58b4d782414b,0,1.43,2,151.0
2026-06-10 19:14:32.451,fd121f41-2862-4a27-a9a1-24f0c8a69f9c,0,14.33,15,146.0
2026-06-10 19:14:32.471,0c8e2f65-e5c5-4ff3-ac84-3648d10789fa,0,45.51,46,152.0
2026-06-10 19:14:32.486,bd97f29d-8ce9-4a4d-a938-68b28e80e94e,0,41.09,42,119.0
2026-06-10 19:14:32.490,43717b3b-8978-402b-9f31-1e4ccb0468be,0,43.73,44,119.0
2026-06-10 19:14:32.533,7b53bf55-972b-486a-87f4-c7b3c1029b6e,0,96.27,97,151.0
2026-06-10 19:14:32.675,0aef0102-eb04-4ae4-986c-d294c544c00e,0,267.39,268,152.0
2026-06-10 19:14:33.116,15502582-e213-45d0-9950-f43af8cefb24,0,1.53,2,151.0
2026-06-10 19:14:33.147,fe649eed-55e7-4a08-911e-763ed798ba3c,0,13.91,14,119.0
2026-06-10 19:14:33.173,019bcf12-62e1-4a06-898b-8b0a28339f02,0,45.28,46,151.0
2026-06-10 19:14:33.174,e0aeb2c2-3c13-4e07-887d-11da104e9b49,0,44.42,45,119.0
2026-06-10 19:14:33.176,9e8ffe94-e2e8-4247-8b31-61e0a235323e,0,44.5,45,152.0
2026-06-10 19:14:33.196,0d8d13d7-5459-4cde-82cc-452789ad028d,0,46.56,47,146.0
2026-06-10 19:14:33.216,5ff6addc-698a-4a23-97e3-987cab0a5eb3,0,43.09,44,119.0
2026-06-10 19:14:33.250,abd8c38e-a331-4062-afbc-98efdb781937,0,45.06,46,146.0
2026-06-10 19:14:33.390,7ccd6e27-4a6a-405e-8be5-da5a1eb75cf1,0,291.58,292,152.0
2026-06-10 19:14:33.539,ea9cd439-acd5-423d-949c-5a18343fe108,0,368.38,369,151.0
2026-06-10 19:14:34.064,35403ca8-1d29-4baa-b6f2-c02eba094129,0,1.55,2,151.0
2026-06-10 19:14:34.101,89fcbf61-fd71-421e-92e3-0b9e2ec235d3,0,45.93,46,152.0
2026-06-10 19:14:34.102,9f765193-ac73-4e86-b0bd-d353b2cec66e,0,46.01,47,146.0
2026-06-10 19:14:34.106,c5422281-1203-49e5-87e4-43a509f6b072,0,49.14,50,151.0
2026-06-10 19:14:34.106,796d8ef8-83fb-46a3-9a5e-82282ff76967,0,43.25,44,119.0
2026-06-10 19:14:34.145,021db4f8-0078-42aa-b1ab-da278a2e3d05,0,1.45,2,151.0
2026-06-10 19:14:34.412,87a5e360-52f0-4848-8ef8-7aad6a6bd6fe,0,354.35,355,152.0
2026-06-10 19:14:34.412,f3e0ce02-e04b-477f-a205-3434b35687cf,0,346.52,347,146.0
2026-06-10 19:14:34.835,4e920aae-954d-4f18-a09e-b650ec454403,0,1.54,2,152.0
2026-06-10 19:14:34.876,9771fb1a-bc2b-4394-956c-df114af100d3,0,46.24,47,152.0
2026-06-10 19:14:34.878,ab37d7ae-281d-480a-af7e-bacd3aafe348,0,42.29,43,119.0
2026-06-10 19:14:34.883,e8bc0b14-5dcd-43e0-8419-79a00b00f3ce,0,52.5,53,151.0
2026-06-10 19:14:35.037,57d92f9a-75c8-4eea-b5c9-1dcbdad8fadf,0,1.56,2,151.0
2026-06-10 19:14:35.142,5a15eacc-a941-4e0b-a461-a252fb4c20f7,0,342.25,343,151.0
2026-06-10 19:14:35.193,1535e359-3c3c-4b10-ac36-94751a7bb83b,0,361.11,362,151.0
2026-06-10 19:14:35.438,b31d1529-5e09-43f5-af14-f1df87d772bd,0,328.29,329,151.0
2026-06-10 19:14:35.821,ca73ffdd-54a7-489c-8f0b-b89cf6fd9160,0,1.52,2,119.0
2026-06-10 19:14:35.824,2648dda6-9f5d-45eb-b55d-b97cbbb2c327,0,1.47,2,152.0
2026-06-10 19:14:35.861,d0ccfb03-ebff-426f-bd2a-06e22a4cb0fe,0,47.67,48,151.0
2026-06-10 19:14:35.870,ea2b731d-3dc6-4dec-b375-7f02621e59b7,0,48.3,49,152.0
2026-06-10 19:14:35.876,f2351c3d-36ee-44e0-8dd3-88ab5717840a,0,52.75,53,151.0
2026-06-10 19:14:36.107,f15d4fa8-472f-433e-9662-29b2b950a634,0,310.69,311,151.0
2026-06-10 19:14:36.130,574a6447-7ace-4cef-bfc1-874f0f3c81b8,0,333.7,334,151.0
2026-06-10 19:14:36.535,89dc6e56-86ef-4318-9051-91b6fbf1e434,0,1.73,2,151.0
2026-06-10 19:14:36.551,bbe8d41f-04e4-44cb-bff6-28b0f72fec3e,0,2.15,3,152.0
2026-06-10 19:14:36.584,cb07542f-8df2-40f9-a857-2bc12f1233e9,0,49.42,50,151.0
2026-06-10 19:14:36.600,74ba9344-c192-4998-b9fe-3af708320c23,0,51.55,52,152.0
2026-06-10 19:14:36.632,d680ec98-2bab-4f2e-b32d-b1076581af6c,0,1.71,2,152.0
2026-06-10 19:14:36.861,b54fd1f0-dd96-4228-83e6-2fb8b8ed8aca,0,313.01,314,151.0
2026-06-10 19:14:36.879,dd166ca2-96cd-49d8-a9e5-e6cfefa4bcb6,0,342.19,343,151.0
2026-06-10 19:14:36.883,599836c8-1afc-4a2c-a84b-13c9e4a06e81,0,336.93,337,152.0
2026-06-10 19:14:37.453,12ee4c5a-9c8c-4aeb-9e5d-67ef1897fba5,0,1.5,2,151.0
2026-06-10 19:14:37.453,383d23c8-2bc9-45b0-8536-42c709de2791,0,1.62,2,152.0
2026-06-10 19:14:37.475,08309c11-7d34-4209-a551-cc0facaec228,0,1.4,2,151.0
2026-06-10 19:14:37.754,5c1d5596-8b18-4f4b-ab45-a52b1ea5acd5,0,300.09,301,151.0
2026-06-10 19:14:37.801,5b48d68e-54ee-406d-8e10-c7e9d04be8d9,0,324.31,325,152.0
2026-06-10 19:14:38.222,843bcc84-e120-4b00-a73f-9057786fbecb,0,1.67,2,152.0
2026-06-10 19:14:38.259,09b444aa-b9a7-4f47-938c-a0363215f3f7,0,1.57,2,151.0
2026-06-10 19:14:38.581,9b4396f1-307a-41df-bf37-90d71a4835f5,0,319.67,320,151.0
2026-06-10 19:14:38.640,e735db36-ccad-4aeb-98fc-90f55e16d7ba,0,387.66,388,152.0
2026-06-10 19:14:39.119,f6eae7fd-969e-4440-a8cd-4a87e1111c28,0,1.44,2,152.0
2026-06-10 19:14:39.160,de7e9f18-7efd-4932-b6ab-d9f9c0c5f5eb,0,1.95,2,152.0
2026-06-10 19:14:46.003,09df259f-f989-476f-8c84-a09bdee28664,0,70.68,71,151.0
2026-06-10 19:14:46.005,3f36ce29-817a-47d6-8a20-efac1266b0ac,0,74.25,75,152.0
2026-06-10 19:14:46.062,2535443d-b041-459a-b982-5cb66ab4b216,0,40.36,41,152.0
2026-06-10 19:14:46.876,25db35a6-fc26-47ed-8bb7-d6f5b710f7fe,0,42.87,43,152.0
2026-06-10 19:14:46.915,325708bc-4122-40d6-a41a-edc3ce81860c,0,47.75,48,151.0
2026-06-10 19:14:46.938,7d5b6ea7-dd1c-434a-84c8-598b9d89e6d1,0,69.02,70,152.0
2026-06-10 19:14:46.948,095b10fd-c926-4971-b49c-ddd768df105c,0,68.09,69,150.0
2026-06-10 19:14:47.200,abe77a87-c1c9-4737-8a93-bc94e9d197be,0,329.12,330,151.0
2026-06-10 19:14:47.203,4c51e662-8c55-4d91-a4b9-567caf71dd04,0,323.96,324,146.0
2026-06-10 19:14:47.217,f10e74f3-39c5-42ab-a808-af6424e4bcdb,0,336.22,337,152.0
2026-06-10 19:14:47.261,783abf58-2d7e-47ff-bfa1-f5da34274ac6,0,396.68,397,152.0
2026-06-10 19:14:47.273,e122b815-1140-4449-a27c-4f0b7be35d75,848.43,391.83,1241,145.0
2026-06-10 19:14:47.552,ba6e0a15-2249-4a59-a18a-9fdea82cf70e,0,1.44,2,152.0
2026-06-10 19:14:47.552,9391d524-dece-4c45-aefe-c30ea0fdc5cb,0,1.64,2,145.0
2026-06-10 19:14:47.580,01dc8471-59bf-4093-98f0-07e7494e3d89,0,14.18,15,145.0
2026-06-10 19:14:47.601,7b4304ef-4df2-4a88-99ca-c8167db34500,0,48.91,49,152.0
2026-06-10 19:14:47.603,891b21b7-5db7-4e46-92c5-ac4a3d16a23d,0,46.4,47,146.0
2026-06-10 19:14:47.610,db4c85f6-2545-49d3-a233-849c5dea93cc,0,39.26,40,150.0
2026-06-10 19:14:47.614,1db44f71-aebc-4340-b08d-b9dc24ead84b,0,42.43,43,152.0
2026-06-10 19:14:47.614,f09bdb57-b58f-46b9-9edd-c0072d721327,0,44.59,45,152.0
2026-06-10 19:14:47.732,afebaaa3-050e-4c2e-a32c-d2d3e37ce99a,0,1.38,2,152.0
2026-06-10 19:14:47.733,6470ee6c-9958-4782-b1d9-0b5487a5cefb,0,1.57,2,152.0
2026-06-10 19:14:47.744,c9e3157c-0d58-4880-b37d-6ca7267a4e6f,0,1.63,2,152.0
2026-06-10 19:14:47.787,d37cbf81-3d33-43c1-b338-35840f9945c7,0,42.59,43,152.0
2026-06-10 19:14:47.888,b4f9df52-6079-4aa0-8aca-062b6668e907,0,317.55,318,151.0
2026-06-10 19:14:47.889,f9eb39cb-998c-423d-884a-e3c83c4eb261,0,315.75,316,151.0
2026-06-10 19:14:48.469,b6a3f76e-b673-4391-b2ea-a675c4eb731c,0,15.75,16,151.0
2026-06-10 19:14:48.476,0ef83369-b540-4400-b849-9ff610fe97d9,0,1.6,2,152.0
2026-06-10 19:14:48.491,f919e5cd-3028-4e3c-8bbb-d68078246a53,0,1.58,2,152.0
2026-06-10 19:14:48.503,ea55734a-e820-48ac-88b2-576248d39799,0,42.4,43,152.0
2026-06-10 19:14:48.503,1c8082aa-7ee6-4fda-8b77-101d3ffbf7be,0,48.38,49,151.0
2026-06-10 19:14:48.522,516839ad-d9f4-457f-aa9a-880e8cbc9e50,0,44.38,45,151.0
2026-06-10 19:14:48.527,ce3dc8a2-26f5-489f-8179-ca21bfe26581,0,47.88,48,152.0
2026-06-10 19:14:48.725,5750a00e-1591-42e5-a01e-77d8aee0482a,0,41.79,42,152.0
2026-06-10 19:14:48.755,fb67d2d5-0627-41d5-8c0f-cbfa67e4c820,0,281.24,282,150.0
2026-06-10 19:14:48.772,0974721f-8e8a-44d2-9007-a63f1e4c310a,0,290.11,291,151.0
2026-06-10 19:14:48.778,c572be63-393f-4e42-b448-827293df176a,0,298.65,299,150.0
2026-06-10 19:14:49.440,278f6087-1a3e-426b-8a3f-8736d2e9bdc0,0,13.55,14,150.0
2026-06-10 19:14:49.477,66578d39-d80a-413a-ac62-554b7e20055f,0,44.99,45,151.0
2026-06-10 19:14:49.478,8018d736-9799-41fc-b7cc-f75ba27f038f,0,48.83,49,150.0
2026-06-10 19:14:49.479,b6e284c6-d3c9-4b2b-9843-541dcb191912,0,45.46,46,151.0
2026-06-10 19:14:49.510,a2f9e9c2-0461-43ab-b0e9-e340cc68a1c6,0,44.08,45,150.0
2026-06-10 19:14:49.619,384dd0bd-edde-4437-a25b-5b9ab7f465e1,0,1.53,2,150.0
2026-06-10 19:14:49.621,fbc3c69b-d855-4d17-90d2-bdbfeb4ad2b7,0,1.5,2,151.0
2026-06-10 19:14:49.670,20b495ae-75ae-4b9f-84d5-89f8e1d05304,0,1.64,2,150.0
2026-06-10 19:14:49.694,5a27934a-6801-4506-a8ae-31fb1fcad491,0,49.93,50,151.0
2026-06-10 19:14:49.720,e1ca2205-005e-4555-97c1-66a38aeb3d14,0,287.61,288,152.0
2026-06-10 19:14:49.791,b76e9af1-c161-45b7-9c67-bafe71e07203,0,324.29,325,152.0
2026-06-10 19:14:50.191,fce90b0e-8813-4fe7-9844-8838ca824000,0,1.89,2,152.0
2026-06-10 19:14:50.218,8d841c64-0acf-4f01-8678-1b60909a16e5,0,16.45,17,151.0
2026-06-10 19:14:50.233,e97af3c4-a716-4cc3-83c2-b1d4c7b4738e,0,49.25,50,152.0
2026-06-10 19:14:50.244,45b795e5-af68-4ec1-b238-d3d5f850977e,0,45.25,46,150.0
2026-06-10 19:14:50.245,8dcee157-a9eb-457e-8d27-36f7cfdfeefb,0,40.79,41,151.0
2026-06-10 19:14:50.248,7fd4a0ea-7048-4a8e-9707-286da6c8cf89,0,49.74,50,151.0
2026-06-10 19:14:50.249,d5080250-7654-45b8-b6c6-7634def6e75c,0,49.07,50,150.0
2026-06-10 19:14:50.287,449aa008-d15a-4606-9a80-f20d27722315,0,51.89,52,151.0
2026-06-10 19:14:50.363,6d34b9cd-c8b4-4485-a579-c15d4e6ad053,0,1.57,2,151.0
2026-06-10 19:14:50.448,e30a7265-b4e4-4316-b0b5-a93e25b38cb8,0,58.13,59,151.0
2026-06-10 19:14:50.522,f8c800a2-52ff-4e61-b0c4-d3ca6081fb9c,0,325.54,326,152.0
2026-06-10 19:14:50.681,d70a8df3-b567-4e85-8763-e4303dd230a8,0,316.08,317,151.0
2026-06-10 19:14:51.193,4cd25ea9-e729-494f-bb1d-007c671fa003,0,50.81,51,151.0
2026-06-10 19:14:51.195,cc22ff84-e541-446b-8651-72ac08cec031,0,48,48,151.0
2026-06-10 19:14:51.196,836397af-373b-408d-bf23-1be7c2343c21,0,44.75,45,150.0
2026-06-10 19:14:51.199,4f1df6aa-4bfe-4617-84cd-06200e385c0c,0,42.54,43,151.0
2026-06-10 19:14:51.251,b41ebd73-42bc-4e5a-bd02-e855bc5dc034,0,1.71,2,151.0
2026-06-10 19:14:51.253,bef694f9-a042-4bf7-8fe7-e6d5ff384b47,0,1.55,2,151.0
2026-06-10 19:14:51.295,46d4ce67-3b03-424b-aea7-f91b3aa64f35,0,46.88,47,150.0
2026-06-10 19:14:51.461,d579dc55-044d-4411-ab54-c30900d64be9,0,316.88,317,152.0
2026-06-10 19:14:51.605,7893deeb-93ff-4c1d-968c-f47d16a8be28,0,355.39,356,151.0
2026-06-10 19:14:52.032,5f712f0c-69d1-48a7-8a6a-260a2b8ebbea,0,1.38,2,150.0
2026-06-10 19:14:52.089,545b529d-793e-4fdb-8e48-ae28aba21b08,0,42.77,43,151.0
2026-06-10 19:14:52.092,0f2ac60f-06e6-42af-8291-f9921598987a,0,51.31,52,150.0
2026-06-10 19:14:52.316,fa287ade-7ac9-4aa5-8db7-511570b1683c,0,294.14,295,152.0
2026-06-10 19:14:52.338,3b35872d-d9fc-46c2-8634-55a00987af9f,0,305.9,306,152.0
2026-06-10 19:14:52.769,0b3447e7-4fce-4e49-89eb-8fdbcb797ea7,0,1.47,2,150.0
2026-06-10 19:14:52.808,226a1a46-c199-4e98-b0d4-a05668ff0db2,0,1.54,2,151.0
2026-06-10 19:14:52.810,562f8a3c-af46-4114-aed1-f471f7667f91,0,50.07,51,152.0
2026-06-10 19:14:52.999,2699c747-07cd-431b-ad0b-f293bbac36ac,0,1.58,2,152.0
2026-06-10 19:14:53.098,415c6049-e7fe-47e8-ac4b-df3bbd85424e,0,328.74,329,152.0
2026-06-10 19:14:53.106,e3d19d18-05f8-46d2-ba92-a19f2ff69b79,0,308.74,309,152.0
2026-06-10 19:14:53.735,6fb790c6-8a66-45ca-9949-f6b21751f6c7,0,1.58,2,152.0
2026-06-10 19:14:53.766,708fb2f1-cebf-47fe-ad06-53f032136b02,0,1.59,2,151.0
2026-06-10 19:14:54.022,7c763766-b94f-4b86-87bd-17d8a7731f81,0,288.84,289,152.0
2026-06-10 19:14:54.055,87b30f1c-06a8-430c-9ab2-dbad8bc4796c,0,295.09,296,152.0
2026-06-10 19:14:54.078,d14c7408-293a-466b-b007-ee08fcd9e924,0,336.61,337,152.0
2026-06-10 19:14:54.474,b3b9a63e-e3ed-4d31-8bc9-17a71601e088,0,1.54,2,152.0
2026-06-10 19:14:54.474,0a6997e8-aa17-4578-9e89-03837af5751c,0,1.36,2,152.0
2026-06-10 19:14:54.483,b88b6e27-4a2a-4693-95de-31707acd63f9,0,1.37,2,151.0
2026-06-10 19:14:54.824,6de41f26-12ab-480a-83fc-f86687e18e91,0,362.67,363,152.0
2026-06-10 19:14:55.267,a14ff350-51f6-4c91-bc5d-0d3c16d699d0,0,1.46,2,152.0
2026-06-10 19:14:59.748,3e576fdf-9b68-4a86-aa4c-27d19a0bacb6,0,43.9,44,152.0
2026-06-10 19:14:59.780,f75e23ab-ca6b-4b87-95a2-06c589f798ff,0,64.63,65,151.0
2026-06-10 19:15:00.468,3f80f2ea-e100-44d5-ab30-3665b00f2dd4,0,69.13,70,152.0
2026-06-10 19:15:00.497,c1faee8d-6f2c-4a93-88fe-90b4cde30e12,0,70.58,71,152.0
2026-06-10 19:15:00.502,84ec2efc-5785-4d99-bbc0-f92fb988d998,0,59.21,60,151.0
2026-06-10 19:15:00.675,2b7123aa-2101-4bf9-b888-38cec759491d,0,280.93,281,152.0
2026-06-10 19:15:00.678,cee6b9be-86db-42ce-bb30-ccb5c738f77d,0,300.87,301,151.0
2026-06-10 19:15:01.288,f0438b79-8dbf-4935-83dc-916910a00879,0,14.34,15,152.0
2026-06-10 19:15:01.314,090bdbe0-4ba6-4471-abd1-6188966f409f,0,53.92,54,151.0
2026-06-10 19:15:01.328,18eb8678-0749-4339-919b-692f57abcfed,0,50.96,51,152.0
2026-06-10 19:15:01.467,764262d7-c9e7-41b8-9436-221d21d56c3b,0,1.67,2,152.0
2026-06-10 19:15:01.504,3af29af1-7e31-482e-8470-933f8abfd365,0,2.03,3,150.0
2026-06-10 19:15:01.510,31fc9f45-6f07-4267-9744-cd22138df79c,0,25.55,26,152.0
2026-06-10 19:15:01.515,4c33f463-b3e7-4f96-879e-b74a012ee2eb,0,46.13,47,151.0
2026-06-10 19:15:01.540,2ad54ead-17e7-4415-8bbe-e3a5a9d42475,0,58.18,59,152.0
2026-06-10 19:15:01.559,5f0affa7-57bb-4bc7-97b6-556da0af4258,0,281.69,282,151.0
2026-06-10 19:15:01.592,f13b0e44-fe3f-4c09-a913-5c3df53e0994,0,311.85,312,152.0
2026-06-10 19:15:02.208,034d54a3-d73f-417b-8be0-a3604b45953a,0,1.89,2,152.0
2026-06-10 19:15:02.210,823225be-50d5-4945-9413-b7536ee4b857,0,1.44,2,152.0
2026-06-10 19:15:02.220,008cdf5f-a3a4-4db0-bd6f-22f16a3bec44,0,14.13,15,151.0
2026-06-10 19:15:02.262,a11e7069-d50e-4f1f-90d0-8add40259ee4,0,44.04,45,152.0
2026-06-10 19:15:02.266,c0ad444a-b0e9-4f1f-800d-48b44d69bfa7,0,42.11,43,152.0
2026-06-10 19:15:02.271,562c3d0f-843a-4748-8a36-fcea27ebb061,0,44.61,45,151.0
2026-06-10 19:15:02.517,032e847a-51fe-436c-bcf9-b382fb3534d5,0,307.2,308,151.0
2026-06-10 19:15:02.552,a1b9f3bd-b3c7-462f-b371-f97f5037611e,0,324.17,325,150.0
2026-06-10 19:15:02.617,9c2c9575-25df-425a-b4ef-4466beaf0e54,0,399.38,400,152.0
2026-06-10 19:15:02.896,9bf0877a-100a-4f69-8ef1-94c8db60ff00,0,1.73,2,151.0
2026-06-10 19:15:02.902,b9aa67d4-fcb6-4605-8997-7fe452e61c19,0,14.75,15,150.0
2026-06-10 19:15:02.909,b10e8e24-bba1-4ae5-89c5-a5aeffd1f87a,0,14.65,15,151.0
2026-06-10 19:15:02.919,0069e1a0-b064-40a3-bedd-4469ec1848bd,0,1.4,2,151.0
2026-06-10 19:15:02.935,57912068-0aaf-435d-a711-125c257268c0,0,1.52,2,150.0
2026-06-10 19:15:02.951,e80ef512-2280-4fc5-8026-e618a10c9aac,0,55.02,56,152.0
2026-06-10 19:15:02.982,1a1b6151-5c8b-405e-96d3-ed1eed7c8053,0,47.59,48,151.0
2026-06-10 19:15:03.157,4d80d1b3-7302-4001-b8b0-a474014f5a42,0,48.05,49,151.0
2026-06-10 19:15:03.204,8632ae76-9a50-4873-b6f2-ea0fc5b50654,0,323.06,324,152.0
2026-06-10 19:15:03.209,c24a208d-f03d-478a-b738-4e41d60c9943,0,312.64,313,152.0
2026-06-10 19:15:03.781,a2354b85-4ea2-4eb5-bb8f-3ae999f24846,0,1.55,2,152.0
2026-06-10 19:15:03.799,8ae8e1d9-5501-4ca1-8e8e-a4fd461f6f9e,0,15.75,16,152.0
2026-06-10 19:15:03.812,730c801a-4cbf-4d1d-b3ae-33fe1e37537c,0,2.15,3,152.0
2026-06-10 19:15:03.850,3b59079c-f110-4d7b-9159-ea1ba18d7b4b,0,44.8,45,152.0
2026-06-10 19:15:03.851,d9b7e12e-48aa-47fb-8ec4-4f3b8e259a25,0,44.2,45,151.0
2026-06-10 19:15:04.071,57e17307-1ea0-40eb-8234-7964cf2cce7e,0,280.7,281,151.0
2026-06-10 19:15:04.102,005d0c7a-d7c9-44a5-9764-b91c07ca95c4,0,298.04,299,152.0
2026-06-10 19:15:04.112,a82f5ca9-755e-462c-a968-ad710c38fafc,0,306.15,307,151.0
2026-06-10 19:15:04.122,2f386b65-4809-4a05-91f1-13f5773c7777,0,316.86,317,152.0
2026-06-10 19:15:04.146,69653516-b1c0-452a-bc05-ae6ceab8e278,0,339.86,340,152.0
2026-06-10 19:15:04.698,c5e1de67-1ff7-4e88-8a8d-0ffd06156cf4,0,1.57,2,152.0
2026-06-10 19:15:04.711,e9eb3eba-1b03-451c-9525-31fde0237eb0,0,1.68,2,152.0
2026-06-10 19:15:04.712,e649b491-f587-47e7-ae62-4f95f32d2ba0,0,1.57,2,152.0
2026-06-10 19:15:04.716,8d538be0-b037-4d96-a028-5755fb0dff6f,0,1.57,2,151.0
2026-06-10 19:15:04.752,c6216faf-81f7-457b-8874-a87299e654b4,0,52.86,53,152.0
2026-06-10 19:15:04.754,3dfd5682-135b-443b-978c-58447fd45874,0,15.34,16,152.0
2026-06-10 19:15:04.897,78aa5441-5cb7-43b9-841c-14ed0b4d072a,0,1.54,2,152.0
2026-06-10 19:15:04.952,1c56a7ae-6caf-4f79-a9d0-068a15670472,0,45.43,46,152.0
2026-06-10 19:15:05.000,c588af78-8c57-4e32-a271-d1b0b89bc82d,0,279.82,280,152.0
2026-06-10 19:15:05.021,f2a57fd8-7a98-451c-85ad-bd7132cd0f28,0,310.03,311,152.0
2026-06-10 19:15:05.032,ced64192-0533-4063-9c7f-7780c8843fa3,0,321.5,322,152.0
2026-06-10 19:15:05.272,335d7ed7-80ac-4f65-aef0-20a1d921d2dd,0,334.16,335,152.0
2026-06-10 19:15:05.477,4a0da776-d82e-44ef-9bb8-bf78768a6961,0,1.78,2,152.0
2026-06-10 19:15:05.503,12732c41-40ad-4c5b-af73-da7d8fff5832,0,15.75,16,152.0
2026-06-10 19:15:05.504,3beca9b0-7134-4219-9779-b3f7db93b76b,0,1.45,2,152.0
2026-06-10 19:15:05.506,ce07056e-9767-4b32-8d0f-e8432b7efc19,0,1.55,2,152.0
2026-06-10 19:15:05.515,4d7d37e0-b03f-4085-a1c8-ed8f3fac4e23,0,14.76,15,152.0
2026-06-10 19:15:05.520,a72296f0-e242-4d85-8bf4-a82c27e3aace,0,18,19,152.0
2026-06-10 19:15:05.544,164e2332-d831-4eca-9960-444c04d723e6,0,48.53,49,152.0
2026-06-10 19:15:05.655,4bc00e20-e3f3-48c7-95e7-4421b00bcafe,0,52.27,53,152.0
2026-06-10 19:15:05.830,0d45b82e-6fd9-4308-945a-1839a554b9fc,0,335.57,336,152.0
2026-06-10 19:15:06.382,0bd20031-b512-41ec-8f15-32314c38d761,0,879.36,880,153.0
2026-06-10 19:15:06.495,cf853aef-c1ea-4dec-9f32-6b824aa9afba,0,2.09,3,152.0
2026-06-10 19:15:06.498,91f43ab6-0ee1-45ac-a979-e3d35ab8fcb2,0,1.66,2,152.0
2026-06-10 19:15:06.545,14942607-8393-43b2-a348-d0210ca4d6e2,0,50.82,51,152.0
2026-06-10 19:15:06.779,0adb4530-c6ce-40fc-a6ad-483c3c3e8d8b,0,287.9,288,152.0
2026-06-10 19:15:06.806,459e41b4-e873-4727-841e-da93248f6b2a,0,313.3,314,152.0
2026-06-10 19:15:06.807,d64a1360-a48f-465a-9fc4-565cfd195838,0,312.25,313,152.0
2026-06-10 19:15:06.818,e28b0e05-f48c-45c7-96a7-6c30e4f06937,0,332.8,333,152.0
2026-06-10 19:15:06.831,6213204a-4a50-4a55-92de-ee8e95a1d7ea,0,345.72,346,153.0
2026-06-10 19:15:07.296,bfac0480-4a00-46d1-ba57-39c33bdb170f,0,1.59,2,152.0
2026-06-10 19:15:07.301,b58c7604-4d15-4f96-a1d2-25f15193f1ce,0,16.21,17,152.0
2026-06-10 19:15:07.307,0238460f-bdbc-4aa0-9126-0d659854ac96,0,14.54,15,152.0
2026-06-10 19:15:07.311,9121ff83-9db1-4300-bd68-80cd9dfa38a9,0,1.52,2,152.0
2026-06-10 19:15:07.313,2ce0823a-124e-4a6f-8d6f-f08233d199b5,0,13.52,14,152.0
2026-06-10 19:15:07.346,aeb4ff9e-8475-4a3a-bdda-ea1255159d85,0,1.51,2,152.0
2026-06-10 19:15:07.486,15e876c7-f20d-40df-b40d-ba6d0fb28f3f,0,1.41,2,152.0
2026-06-10 19:15:07.493,f727996b-19d9-41f9-a04c-644ec6d7ac16,0,1.36,2,152.0
2026-06-10 19:15:07.494,0bc5a3fc-fbb5-4809-8350-e67caeae8f06,0,1.85,2,152.0
2026-06-10 19:15:07.515,0783a7de-e9bb-41d0-8279-de9a886019aa,0,26.98,27,152.0
2026-06-10 19:15:07.610,6fa9c210-955a-4db1-8c40-5ae1fcbb361d,0,307.24,308,152.0
2026-06-10 19:15:07.628,26a07cf4-c5a7-46e8-8bfa-be257e38b347,0,335.05,336,152.0
2026-06-10 19:15:07.643,79643627-9e80-4e43-b57f-3926361277f9,0,359.01,360,153.0
2026-06-10 19:15:07.733,3a69d5dd-02cc-4042-a7c5-502f5e20a1d9,0,1231.79,1232,152.0
2026-06-10 19:15:08.105,561b13b9-4219-4f25-8471-4b0dbd0babfc,0,1.59,2,153.0
2026-06-10 19:15:08.107,8a2f950d-c7df-4567-9e50-117298698428,0,1.72,2,152.0
2026-06-10 19:15:08.107,d377393f-67b8-49f4-8371-051c8171b965,0,1.68,2,152.0
2026-06-10 19:15:08.122,10e24133-a602-439b-bfbf-1f06de83bf9a,0,19.53,20,152.0
2026-06-10 19:15:08.126,e92f6a4e-5274-4044-a6dc-bea00e502fa9,0,1.93,2,152.0
2026-06-10 19:15:13.265,2bee8772-f36f-4a8b-b1e4-e1d61c961427,0,42.05,43,152.0
2026-06-10 19:15:14.269,671c9be9-2b67-4e9d-bfc0-ab0fce745952,0,49.61,50,152.0
2026-06-10 19:15:14.506,4a288c9c-d277-47ce-b30f-ebd3d32c0c47,0,313.3,314,152.0
2026-06-10 19:15:14.509,0fb6f3ed-1f2d-4a62-9541-283b839d6160,0,316.56,317,152.0
2026-06-10 19:15:14.515,9dafd67c-505b-4f61-918c-aea56d7eec0d,0,320.95,321,153.0
2026-06-10 19:15:14.538,f9321e10-6811-4d47-b067-e3a42b6e14a6,0,315.73,316,152.0
2026-06-10 19:15:14.546,3b9b4b54-3b22-4799-948a-e2d5318b1f85,0,354.42,355,152.0
2026-06-10 19:15:14.917,b97e0aeb-fea1-4504-b134-9540dd689866,0,14.1,15,152.0
2026-06-10 19:15:14.921,b908967f-dc76-4b33-a227-d6bb524b4dfd,0,1.61,2,153.0
2026-06-10 19:15:14.924,9bc74a01-1b95-4c3d-9bba-f2a449181fb1,0,1.41,2,152.0
2026-06-10 19:15:14.929,b9ec3303-72e5-41ae-b871-0725252f66a9,0,1.69,2,152.0
2026-06-10 19:15:14.930,3021ac49-1419-4a28-a325-07c2100688ed,0,1.56,2,153.0
2026-06-10 19:15:14.939,0ae65795-5eb2-4f5e-a43a-05dbb2642f8b,0,13.02,14,152.0
2026-06-10 19:15:14.985,2c9f045a-5853-444d-9893-409aee0e1d55,0,52.82,53,152.0
2026-06-10 19:15:15.123,511dbd73-1a41-4ba7-904a-e420f65c8cd8,0,1.72,2,153.0
2026-06-10 19:15:15.127,0d3df6d5-92ae-4288-8443-8b2c003e6afc,0,25.36,26,152.0
2026-06-10 19:15:15.218,9f0298b9-f558-4abc-ad51-5c69cb70ca08,0,302.71,303,152.0
2026-06-10 19:15:15.252,7a7eb0ce-17a7-4f36-a64c-d0cc01635860,0,314.87,315,152.0
2026-06-10 19:15:15.374,906e45f9-6cb6-484a-ac96-e53e24d4428a,0,360.61,361,152.0
2026-06-10 19:15:15.852,76104be0-7509-4e7c-b3bd-a5b06327a90d,0,1.61,2,153.0
2026-06-10 19:15:15.853,558ff967-240f-4e77-ba71-adeb856938fc,0,1.52,2,152.0
2026-06-10 19:15:15.855,3031aeae-6d2f-436c-8a0c-ba5460062382,0,1.5,2,152.0
2026-06-10 19:15:15.895,7363426d-d557-4c83-90c6-0afaca7545f9,0,43.98,44,152.0
2026-06-10 19:15:16.126,cba7c597-cb42-4a9b-8a36-8a2809f5a8a1,0,276.59,277,152.0
2026-06-10 19:15:16.130,9c171c16-4ff1-46dc-b244-437853c44be8,0,282.12,283,152.0
2026-06-10 19:15:16.176,d39d9c30-d43c-455f-a215-a34bea02b743,0,323.23,324,152.0
2026-06-10 19:15:16.215,aff62bc1-9554-48a0-805d-374a1c243730,0,369.57,370,152.0
2026-06-10 19:15:16.523,6defa834-ed16-4125-94b2-666cc591c1d2,0,1.65,2,152.0
2026-06-10 19:15:16.524,be15124b-5a68-4acd-9f37-0356456a6c2c,0,1.53,2,152.0
2026-06-10 19:15:16.528,9d84695b-f05c-4cf9-a752-72277f0ec581,0,1.56,2,152.0
2026-06-10 19:15:16.529,29e5fb91-a78b-4c3c-b2f4-d156c382a550,0,1.41,2,152.0
2026-06-10 19:15:16.544,1502e0ea-444f-4038-8d49-a9b58f2304f4,0,15.24,16,152.0
2026-06-10 19:15:16.739,f9728954-168b-4249-b7ff-d22f5b965d15,0,25.54,26,152.0
2026-06-10 19:15:16.816,a641b3b8-a994-4659-a07a-fef61ea61b6e,0,287.31,288,152.0
2026-06-10 19:15:16.836,5ed64ee6-f1f3-4d2d-89a1-c362e4060b8a,0,989.37,990,152.0
2026-06-10 19:15:16.836,dfd4572c-9a69-4d96-ace3-2ce9fbe4d374,0,304.99,305,152.0
2026-06-10 19:15:16.837,7be07dff-8b3b-4f7a-8cd8-bdcd27d2fb7f,0,308.46,309,152.0
2026-06-10 19:15:16.864,0073b342-8fb5-4ebf-bb59-915c890d178f,0,366.19,367,152.0
2026-06-10 19:15:17.418,9bb51544-8edb-4fc0-a209-8ec01af7d845,0,1.5,2,152.0
2026-06-10 19:15:17.418,bd68a211-92c7-433e-afa8-780d8ec288e0,0,1.47,2,152.0
2026-06-10 19:15:17.419,5c6feb17-6b58-4d50-aad2-29a215afd736,0,1.54,2,152.0
2026-06-10 19:15:17.420,680dc106-0de9-49a6-8de8-419631e554af,0,1.54,2,152.0
2026-06-10 19:15:17.423,274088b4-d966-49e9-af47-a0988def7905,0,1.47,2,152.0
2026-06-10 19:15:17.481,61c17655-6254-486f-8dda-ba6001290999,0,61.73,62,153.0
2026-06-10 19:15:17.552,0fc9b8d8-0cf3-4eb6-be9c-3ab336221068,0,36.31,37,153.0
2026-06-10 19:15:17.656,b430fbb6-e8a8-443a-9b15-278c96fa8ac1,0,26.31,27,153.0
2026-06-10 19:15:17.740,bf52c363-d1e9-4dae-9a5e-8024ab922e4a,0,313.21,314,153.0
2026-06-10 19:15:17.755,860f2db0-134d-468b-944a-9167c9aa8858,0,341,341,152.0
2026-06-10 19:15:17.805,1ff8f35b-9192-4f62-a004-5621fa58afcf,0,387.34,388,152.0
2026-06-10 19:15:18.325,a8a2c73d-bb95-4ebc-81b4-d37f726e72c5,0,14.2,15,152.0
2026-06-10 19:15:18.331,96298bdc-5237-4a08-bc43-9e92fb0af0f0,0,1.55,2,152.0
2026-06-10 19:15:18.360,4dbd1e5b-cb2c-4e87-8f06-ffeb12f65599,0,1.56,2,152.0
2026-06-10 19:15:18.360,9b06edf8-bd00-40b7-bed7-5efd00db3c93,0,1.5,2,152.0
2026-06-10 19:15:18.609,5e1de6ff-3f01-459d-bb3b-c8cf31822caa,0,286.19,287,153.0
2026-06-10 19:15:18.621,71b63718-037b-48a7-bff0-7a6cb1b4dfce,0,293.18,294,152.0
2026-06-10 19:15:18.623,29a0375f-bfce-4ef6-beb2-9d98666baa88,0,298.32,299,152.0
2026-06-10 19:15:18.687,decda577-dd23-481b-bfc3-37e52eb4b7cc,0,330.25,331,152.0
2026-06-10 19:15:18.802,898cbd43-95c4-4252-bb96-01a52ffb41f5,0,485.93,486,152.0
2026-06-10 19:15:19.214,7fc3ab03-b7ba-4fb1-a1b4-888259ffce92,0,1.54,2,152.0
2026-06-10 19:15:19.222,c6af6fd5-8cd1-4b7a-b40e-f430f2ac8dd5,0,897.89,898,153.0
2026-06-10 19:15:19.232,a7638248-62bb-4e1b-a87f-27034b708329,0,1.54,2,153.0
2026-06-10 19:15:19.237,93cfc2bd-6b5b-4a5a-9a46-90a03fa089e7,0,1.57,2,153.0
2026-06-10 19:15:19.239,1c2dff49-da67-4ac2-895d-d028fed9e319,0,1.55,2,152.0
2026-06-10 19:15:19.254,ef513a93-5f35-418b-877d-fd2a3a24d088,0,1.64,2,153.0
2026-06-10 19:15:19.509,71d1fa9e-1a19-46d6-b90f-ca939fb7ba4d,0,298.62,299,152.0
2026-06-10 19:15:19.546,4933dbaf-92ea-4d0a-acac-86e8fe5de6a9,0,294.92,295,152.0
2026-06-10 19:15:19.562,c75f123f-988f-493a-8ad0-747d87fb1937,0,328.43,329,152.0
2026-06-10 19:15:19.649,80e7ace1-94e3-4822-976d-e47cbdc5ec37,0,368.37,369,153.0
2026-06-10 19:15:19.942,d7442e62-4f6c-43ef-af46-9d1de72f0299,0,2.11,3,152.0
2026-06-10 19:15:19.944,d6bdb45f-d77a-435f-bcac-47d34df8dba9,0,1.46,2,152.0
2026-06-10 19:15:19.963,49b6942b-3f65-429c-befc-171fa3573bb2,0,43.03,44,152.0
2026-06-10 19:15:19.994,e019392d-dba1-459e-bae5-f75c74c1db33,0,52.06,53,153.0
2026-06-10 19:15:19.997,ac27f30e-ba6f-4eec-ac19-5ef234dcbecb,0,30.94,31,152.0
2026-06-10 19:15:20.002,ea0ee3a7-957b-48b8-ae06-a4d33f3ccbfe,0,1.52,2,153.0
2026-06-10 19:15:20.029,61729f5b-500e-48a2-99d0-af3a1dde9686,0,62.58,63,152.0
2026-06-10 19:15:20.108,d0d4b92d-dff8-433b-bbeb-d33086319972,0,1.73,2,152.0
2026-06-10 19:15:20.131,8e5c3949-d326-4669-8605-ca0ab8d1c380,0,1.5,2,152.0
2026-06-10 19:15:20.165,5f02663d-f3a0-469e-8c16-e4455fda132e,0,52.45,53,153.0
2026-06-10 19:15:20.204,7788c84e-c16f-4eec-9814-90ab3b33ce88,0,288.25,289,153.0
2026-06-10 19:15:20.215,5ecff0cd-3f3a-43f2-8bff-87a238cbde15,0,276.59,277,152.0
2026-06-10 19:15:20.219,17a43cc7-a055-49bf-b470-e20f5d99c5a5,0,1008.42,1009,152.0
2026-06-10 19:15:21.028,9f24d23d-ef03-482e-b61a-15ecf830e0f9,0,1.54,2,153.0
2026-06-10 19:15:21.042,f680dbfb-c4bb-4b7d-bf3b-a96948d29d94,0,1.57,2,153.0
2026-06-10 19:15:21.045,02920344-0176-4e53-8528-d486516eac72,0,1.7,2,152.0
2026-06-10 19:15:21.094,9db35b2c-901b-49df-bf6d-f917cc001aac,0,52.08,53,152.0
2026-06-10 19:15:21.282,1b9f0157-6064-4302-8cc7-4dbc0bef5321,0,282.77,283,153.0
2026-06-10 19:15:21.290,32cfb1dc-5b16-4cc0-8cf7-3e25811032f6,0,286.44,287,152.0
2026-06-10 19:15:21.309,8efe799f-abb6-4c77-aba4-cdaf1826af05,0,322.54,323,152.0
2026-06-10 19:15:21.336,8b14a744-9d67-4711-ac8c-927073d66d17,0,297.39,298,152.0
2026-06-10 19:15:21.735,256c6cc2-87fb-4e2c-9c30-148a5fc3d35f,0,1.67,2,152.0
2026-06-10 19:15:21.745,4cc8b8c6-99fc-4b25-b7c1-cc8e09040075,0,16.7,17,152.0
2026-06-10 19:15:21.762,70556013-8d2d-4ec0-9680-806c05f8cd62,0,1.28,2,152.0
2026-06-10 19:15:21.763,4cfb2758-6cea-4ae2-9ddb-432734719a4d,0,1.65,2,153.0
2026-06-10 19:15:21.774,f20f4ac1-fe9a-4497-8702-ebf73877d7a1,0,14.87,15,152.0
2026-06-10 19:15:21.789,fbb82f0d-4d7b-4b75-abf8-4a74abcbff0b,0,45.48,46,152.0
2026-06-10 19:15:21.796,b8a393e8-074b-47ec-b9a0-943dd5402e6e,0,50.45,51,152.0
2026-06-10 19:15:21.802,44a9126d-a1f9-4666-a1f0-12d40fd68a6c,0,58.38,59,152.0
2026-06-10 19:15:21.817,86da9d9a-f132-466e-b015-856817c19e7c,0,55.52,56,152.0
2026-06-10 19:15:21.944,5725a8da-5a4d-40ac-a990-390c3068f135,0,1.6,2,152.0
2026-06-10 19:15:22.078,202270f2-1126-4e50-94db-d8d5f3298f01,0,339.05,340,153.0
2026-06-10 19:15:22.610,231a61ee-920a-4043-b817-4d9a538b8d2b,0,1.52,2,152.0
2026-06-10 19:15:22.623,2035b472-f57d-4760-aea2-b28a70a6e0bf,0,14.88,15,152.0
2026-06-10 19:15:22.905,5ab19fbe-f3e5-44c7-9e55-2b3b0ddbc2af,0,302,303,153.0
2026-06-10 19:15:23.122,2451f70a-2fc9-49d9-9407-a2ea6269c954,0,301.51,302,152.0
2026-06-10 19:15:23.709,70b57df8-6e85-4982-99d7-44ee806a3e86,0,1.61,2,152.0
2026-06-10 19:15:24.253,9807d9c4-5f04-4681-9c57-34892855f828,0,1.55,2,152.0
2026-06-10 20:34:15.454,8527f1ce-e93f-400b-9293-7cbc01c32231,802.13,86.95,890,119.0
2026-06-10 20:34:15.713,0164d268-87b7-4ae9-b670-279fbe5d4a57,1008.8,77.47,1087,119.0
2026-06-10 20:34:15.814,47375bfd-0ea5-4f17-bb2e-e10db4ef14e1,0,43.58,44,119.0
2026-06-10 20:34:15.821,aaa9370a-8d7f-42f0-a930-285adba77b05,0,46.47,47,119.0
2026-06-10 20:34:16.034,649c7e51-6923-4618-a8e5-e332aeac7901,782.03,85.09,868,119.0
2026-06-10 20:34:16.087,984706f5-e3ad-4e1f-83cd-86eea4da3b07,0,48.7,49,119.0
2026-06-10 20:34:16.127,91fc5b7a-e29c-4ce4-a4a0-badc29557cb4,794.52,89.88,885,119.0
2026-06-10 20:34:16.160,4e941ae2-dd86-4673-bdc2-89ba2fc4f1c0,840.2,84.53,925,119.0
2026-06-10 20:34:16.198,78bdb1d8-45c2-4141-9b0f-4f757e78c2c0,867.05,87.87,955,119.0
2026-06-10 20:34:16.627,5876193a-0dd8-4ab3-b8c4-a7e2f781d3e9,0,51.93,52,119.0
2026-06-10 20:34:16.645,68015f2a-11dd-48f9-b25b-4ede7056caca,0,70.18,71,119.0
2026-06-10 20:34:16.649,c7e14788-4e46-4cb1-b607-699f6959eaed,0,48.71,49,119.0
2026-06-10 20:34:16.663,7a8172f1-8440-4f2a-9bfa-c7cf03015b36,0,44.36,45,119.0
2026-06-10 20:34:17.457,4ff49fd7-ae37-4e4a-bac7-df988c6f2d75,0,44.53,45,119.0
2026-06-10 20:34:17.471,12484932-14aa-4c24-a785-09aa63327d2f,0,45.43,46,119.0
2026-06-10 20:34:17.496,cc357254-4f88-49a3-b52d-6c822c61adae,0,46.25,47,119.0
2026-06-10 20:34:18.383,506ee5a3-be9d-4b35-b8f3-3d413e935af1,0,48.5,49,119.0
2026-06-10 20:34:18.410,e466728c-62c4-4b58-9e0a-23de6653d776,0,76.08,77,119.0
2026-06-10 20:34:19.023,7eb15317-70d6-4f73-b3bd-001375397521,0,48.6,49,119.0
2026-06-10 20:34:19.028,ed7d1dae-7132-427a-bafd-b533467e94b6,0,46.82,47,119.0
2026-06-10 20:34:19.182,e0ede75f-0c23-4c38-98ec-deec37ae1c55,0,44.6,45,119.0
2026-06-10 20:34:20.019,ae5f37e5-7e2a-44d7-a9d2-94cddd0b483e,0,47.01,48,119.0
2026-06-10 20:34:22.139,51dce818-e793-4e72-a48e-47f062b5b2dc,0,396.19,397,144.0
2026-06-10 20:34:22.479,e50873f6-d5e7-41d9-a986-81c3f0c28130,0,13.76,14,144.0
2026-06-10 20:34:22.807,a225aa9a-72bf-4ebe-8199-98b5cc0e8b9e,0,335.36,336,144.0
2026-06-10 20:34:22.812,4740860f-4002-4a5d-8aa4-c8de9d9df06c,0,339.83,340,146.0
2026-06-10 20:34:22.838,0b9b4db0-6ae5-408b-a017-3a72c7fa93a8,0,365.23,366,146.0
2026-06-10 20:34:22.881,e0c1bbf7-d873-4831-b3f1-29c42f5ca66a,0,396.57,397,146.0
2026-06-10 20:34:23.392,55fe9195-7d30-4547-b1d4-30d5b731909b,0,1.61,2,146.0
2026-06-10 20:34:23.399,7de9c825-66c4-4369-8c56-08d4fde315da,0,4.08,5,144.0
2026-06-10 20:34:23.406,b66150e3-a019-44d4-9552-2d852df1b27e,0,1.59,2,144.0
2026-06-10 20:34:23.472,13e0147a-7836-4fb0-92a5-acd34f0552e4,831.15,2.13,834,117.0
2026-06-10 20:34:23.576,b89d6cfc-6e84-4db2-853b-4a2a1f9a33fc,830.05,2.02,833,117.0
2026-06-10 20:34:23.582,e580acea-9f04-4b58-b119-b09b98aa9fa3,783.15,52.08,836,119.0
2026-06-10 20:34:23.605,68f03131-3224-403d-b89f-edadf3492607,797.73,63.98,862,119.0
2026-06-10 20:34:23.646,08a69fa1-39ca-4058-a02f-463e975a6af5,0,285.26,286,151.0
2026-06-10 20:34:23.672,60854973-0323-467a-a944-7ab757eb0b36,0,275.12,276,151.0
2026-06-10 20:34:23.703,3493987d-6a24-4923-ac39-e3208559d398,0,310.96,311,151.0
2026-06-10 20:34:24.104,390140f6-109b-4947-9afb-174d0467a2dd,0,1.57,2,151.0
2026-06-10 20:34:24.121,8dcddf0d-9276-4a57-9de0-8a849c0ff8d5,0,1.77,2,119.0
2026-06-10 20:34:24.142,eb38485a-e6a4-4a81-86eb-e4142938bfbf,0,20.52,21,119.0
2026-06-10 20:34:24.319,2094345d-4d8b-4081-855d-a8218a287235,0,1.53,2,119.0
2026-06-10 20:34:24.338,cb9cd1fe-8c12-4067-bf9f-65ec478c2414,0,1.56,2,119.0
2026-06-10 20:34:24.348,84a31c1b-3cc3-4219-8274-52e2218f1e56,0,29.25,30,119.0
2026-06-10 20:34:24.416,dfc87d40-0ef9-495e-8625-f393bee6c5df,0,301.77,302,151.0
2026-06-10 20:34:24.421,1c5586ff-ed41-407a-9ac6-1fe62033ff46,0,303.85,304,152.0
2026-06-10 20:34:24.434,e1ab9e43-2877-4ee7-86cb-cd71f90604bb,0,331.33,332,152.0
2026-06-10 20:34:24.519,6914d827-a150-4a3f-ad8b-d27d55ec9ba3,0,393.84,394,144.0
2026-06-10 20:34:24.549,ba9721b3-9794-4a6f-be5d-4d7168f3edf2,0,1.65,2,152.0
2026-06-10 20:34:24.550,e455633d-cb25-4d1e-8d32-6f439aba2edf,0,1.54,2,151.0
2026-06-10 20:34:24.552,12f1c40e-7939-4de2-8d23-a0fdb459525a,0,16.11,17,144.0
2026-06-10 20:34:24.560,b12efde6-d98e-402b-9828-5035b457612e,0,14.75,15,152.0
2026-06-10 20:34:24.565,d97bac5e-e211-4746-8af9-2271b15c4193,0,14.93,15,119.0
2026-06-10 20:34:24.599,13aa2aed-a75c-47cd-a42e-d0f270988a63,0,49.37,50,119.0
2026-06-10 20:34:24.700,209941c6-e868-4a78-85d7-754404df4dea,0,339.53,340,145.0
2026-06-10 20:34:25.002,d183445f-8039-459d-bbff-11c20f643132,0,17.36,18,145.0
2026-06-10 20:34:25.032,59ae54ad-6dfb-42eb-9b4e-6ce333c0afb8,0,16.36,17,119.0
2026-06-10 20:34:25.098,3327424e-f3c8-4311-8c54-631493f2d5eb,0,1.54,2,152.0
2026-06-10 20:34:25.103,2212e94f-1d80-4cd5-aaf5-098b9f56e9ad,0,1.29,2,152.0
2026-06-10 20:34:25.104,3b49a91b-badc-4340-aa56-bc136ce5824d,0,1.57,2,144.0
2026-06-10 20:34:25.104,9a2bf98f-cdd4-487b-a570-bf451123d177,0,1.45,2,151.0
2026-06-10 20:34:25.111,381e6639-9bc0-4045-b163-264d64f61595,0,1.7,2,152.0
2026-06-10 20:34:25.149,ebed5501-8029-43fb-91b0-2c64c11e71c4,0,12.8,13,152.0
2026-06-10 20:34:25.298,812d67dd-fbec-4132-a319-24a4da17cfee,0,285.81,286,151.0
2026-06-10 20:34:25.356,2212593a-b0c8-4080-98f4-2d5e1061f58b,0,360.08,361,146.0
2026-06-10 20:34:25.454,43b568db-efcc-4ab9-a6c4-b18f2a3dae9b,0,359.51,360,146.0
2026-06-10 20:34:25.907,b130dcf1-24b0-4ac8-b316-f9c792e20d43,0,1.63,2,151.0
2026-06-10 20:34:25.909,f60cbeac-fc01-4bde-b38f-a747e82bb13f,0,15.04,16,146.0
2026-06-10 20:34:25.909,92670206-83d7-4216-bdd1-8682291c84d7,0,1.59,2,151.0
2026-06-10 20:34:25.921,fd0b2338-d633-4f10-9da7-d7540dd89c2b,0,15.04,16,152.0
2026-06-10 20:34:25.964,5cd1aab0-65e1-428c-a063-72fe4e743007,0,1.63,2,151.0
2026-06-10 20:34:25.980,e7118368-fda7-420d-921b-ed09f657be32,0,24.84,25,146.0
2026-06-10 20:34:26.191,7304e61f-3fa1-4cbc-9f3e-1e93d3189c01,0,300.6,301,151.0
2026-06-10 20:34:26.207,1cff7b30-c5e3-44a1-95d3-1ffe379cff95,0,300.41,301,150.0
2026-06-10 20:34:26.235,99c3d6c8-f64e-43ee-b766-e42ea45619f2,0,321.08,322,152.0
2026-06-10 20:34:26.325,d285de73-65a1-4fc9-a50f-67aad8580d92,0,369.29,370,152.0
2026-06-10 20:34:26.781,639d55d0-fb4c-48b5-b0fb-99a43782abed,0,1.57,2,152.0
2026-06-10 20:34:26.795,8fd3817a-9d0a-430c-ab6c-38a1ebd4f4be,0,16.03,17,152.0
2026-06-10 20:34:26.796,64eb1481-8de7-434c-9d22-89772699b481,0,1.58,2,151.0
2026-06-10 20:34:26.802,7e48175b-0b9b-4360-a783-3b99ad79309d,0,14.84,15,152.0
2026-06-10 20:34:26.995,39c97c97-250e-4f20-8aff-8a920c546c1e,0,15.04,16,152.0
2026-06-10 20:34:27.089,7b4de83b-9e77-4623-af4c-c3e252f2415d,0,297.74,298,152.0
2026-06-10 20:34:27.146,928e310c-5d62-48bf-8f97-d82a073fb13e,0,353.3,354,151.0
2026-06-10 20:34:27.541,5ba246b9-cded-402f-8c30-aafecfd4220a,0,1.58,2,151.0
2026-06-10 20:34:27.555,8c97b142-f2f0-4eb2-8b5a-a9a0c60a312e,0,17.09,18,152.0
2026-06-10 20:34:27.588,3df3a2f4-1fb5-4868-ac84-5bad5512498c,0,14.79,15,152.0
2026-06-10 20:34:27.735,4be4bf0d-5615-4713-92d1-2bef6fe8c974,0,24.88,25,152.0
2026-06-10 20:34:27.810,ade953db-446b-45d9-af59-d533589c7ffb,0,306.08,307,152.0
2026-06-10 20:34:27.824,904bb22c-9959-4818-bb32-c88c5640567f,0,331.21,332,151.0
2026-06-10 20:34:27.846,0bc7e60a-2ead-460e-a497-7552c29c2623,0,306.93,307,151.0
2026-06-10 20:34:27.855,42876847-ac7d-446d-b22b-6705699d595f,0,315.43,316,152.0
2026-06-10 20:34:28.385,21a1eede-3632-41c3-8855-74e442be5b1d,0,1.42,2,151.0
2026-06-10 20:34:28.402,5ff29bcd-93f7-47bd-a2d2-163f2d136a0b,0,14.67,15,152.0
2026-06-10 20:34:28.403,6daa6013-ce28-4778-b318-f493f67d591d,0,15.15,16,151.0
2026-06-10 20:34:28.457,c68b328c-3555-48e5-9d85-140eb27f94aa,0,27.39,28,151.0
2026-06-10 20:34:28.508,2e6438ac-2a1c-4027-8a86-351d12317624,0,1.57,2,151.0
2026-06-10 20:34:28.578,cd7181b3-e06c-4b01-b79e-d041f1472218,0,1.51,2,151.0
2026-06-10 20:34:28.602,c7d12f5b-8dd5-47b8-bebf-4bebe5ec40a0,0,1.62,2,151.0
2026-06-10 20:34:28.649,5f7277a8-2be7-4ad5-bcf8-01602985a55c,0,15.73,16,151.0
2026-06-10 20:34:28.675,6f2d18bd-2ec3-4bb6-8ab5-f1d1b8bae589,0,296.72,297,152.0
2026-06-10 20:34:36.225,aed018dc-2e45-4a45-b3e4-900696022fbc,0,54,55,152.0
2026-06-10 20:34:36.407,4e93d243-bf21-46a5-9456-35469066d2fb,0,304.43,305,152.0
2026-06-10 20:34:36.424,9be6a1da-d636-4f32-833a-92c8d44d0ff0,0,317.23,318,152.0
2026-06-10 20:34:36.490,63ea8c1f-2e0b-4588-a659-2e3cb2982122,0,314.76,315,152.0
2026-06-10 20:34:36.501,b91a769a-bae6-4348-8e6d-867c5f215d68,0,331.19,332,152.0
2026-06-10 20:34:37.011,f1f278be-8dc1-4ce7-9229-1de6ddfc0d3c,0,1.53,2,152.0
2026-06-10 20:34:37.016,52f99d29-3a7d-4469-b6e3-a68ebd75bf05,0,1.61,2,152.0
2026-06-10 20:34:37.027,e9b7b44b-9772-485f-91c4-a0916bdd8d5d,0,16.34,17,152.0
2026-06-10 20:34:37.048,f2b67ea1-44f3-488f-b52a-2831697c068d,0,30.61,31,152.0
2026-06-10 20:34:37.134,6cf76be4-9a6c-402f-9209-0f097e22934e,0,23.34,24,152.0
2026-06-10 20:34:37.136,9284a1f4-d111-4cbe-aad9-4413086b54ff,0,22.75,23,152.0
2026-06-10 20:34:37.279,d12fa56e-95a5-455e-a7ef-70e063dd440b,0,296.31,297,152.0
2026-06-10 20:34:37.306,9ee2e7e5-e382-4456-ab80-04ee45c87b0c,0,289.06,290,152.0
2026-06-10 20:34:37.419,55d435c8-c5ab-4f0f-96a6-c9eb602b0507,0,310.43,311,152.0
2026-06-10 20:34:37.714,36dbd975-a424-4551-84d4-f12740e3548c,0,14.83,15,152.0
2026-06-10 20:34:37.730,489350f9-2cfd-43c8-97ab-7e38790ebdb5,0,1.6,2,152.0
2026-06-10 20:34:37.803,591bcff7-d086-4924-97f9-eee65dc9d3f8,0,1.46,2,152.0
2026-06-10 20:34:37.845,64caeb76-ef86-4c0e-a247-612105054047,0,26.97,27,152.0
2026-06-10 20:34:37.868,a7cb0ebb-2b39-4e6f-be51-6e8c8811ab5d,0,23.58,24,152.0
2026-06-10 20:34:37.898,3453d5ad-bec5-4f3b-ad62-7f92fece610e,0,1.7,2,152.0
2026-06-10 20:34:37.912,978ea729-b122-4689-ad69-58c0f9bf1ede,0,14.58,15,152.0
2026-06-10 20:34:38.046,14910d8e-4411-40b9-9983-951df0646d6a,0,314.84,315,152.0
2026-06-10 20:34:38.052,b6f10e29-2f5d-4fc1-b552-040f1e123792,0,321.19,322,152.0
2026-06-10 20:34:38.707,520f5b5e-1763-4193-8cdb-5d37f6efd70b,0,1.62,2,152.0
2026-06-10 20:34:38.721,7ecc4159-cf49-42b2-b889-71dca060a680,0,1.58,2,152.0
2026-06-10 20:34:38.742,66c88d33-575b-44d2-9c00-c2c991f252e9,0,1.63,2,152.0
2026-06-10 20:34:38.785,a7a489fb-2993-4eb4-b550-68fe39a675b6,0,42.1,43,152.0
2026-06-10 20:34:38.867,6e4733a9-63d9-4183-970e-8e4350be8997,0,273.79,274,152.0
2026-06-10 20:34:38.873,2798d097-bff2-4e30-88e2-21df65ffc946,0,295.63,296,152.0
2026-06-10 20:34:38.927,40cf33c4-c64d-4d2a-a374-081636dfd891,0,338.08,339,152.0
2026-06-10 20:34:39.591,8cae5561-5f6d-4a24-b138-48253c4c2aab,0,1.49,2,152.0
2026-06-10 20:34:39.592,0c8e89dd-7156-4080-a052-a956f977d899,0,1.59,2,152.0
2026-06-10 20:34:39.605,ed1c0ef0-3f7a-44c0-8dcb-74fa8defd79c,0,15.08,16,152.0
2026-06-10 20:34:39.627,92268644-4c45-42d4-ac99-e6400cac9899,0,1.48,2,152.0
2026-06-10 20:34:39.674,cab3e040-cb2b-4239-87b2-af6fb4fecf98,0,50.93,51,152.0
2026-06-10 20:34:39.680,399bad9b-1559-4fa5-8a7d-4c19e4d4ea45,0,1.5,2,152.0
2026-06-10 20:34:39.704,36b8bc4c-62a0-4794-bf31-8ec8ce33f920,0,25.16,26,152.0
2026-06-10 20:34:39.876,472f4e1d-dd2d-4db2-9a1f-24917071b9ba,0,303.01,304,152.0
2026-06-10 20:34:39.913,099b6bb5-58be-4344-a1b5-8d72e4737bac,0,287.09,288,152.0
2026-06-10 20:34:40.402,9a967aac-6f5c-44e2-8d2d-f0418eb2c843,0,1.64,2,152.0
2026-06-10 20:34:40.414,053ac4ac-f551-4e9d-b720-c82ffd82616a,0,16.11,17,152.0
2026-06-10 20:34:40.450,a678a81f-25d9-4c10-a633-f90133154e14,0,51.47,52,152.0
2026-06-10 20:34:40.474,12e941bc-449b-4046-8553-6f98a34e6bf9,0,24.59,25,152.0
2026-06-10 20:34:40.508,5c9f5ae3-bdf5-42a8-b14a-61b536b861bf,0,1.54,2,152.0
2026-06-10 20:34:40.509,ffe2e602-4bad-4257-bf5d-65d04a009487,0,13.51,14,152.0
2026-06-10 20:34:40.527,8dd3d1f6-9ccf-43c1-8315-40455a883f98,0,22.93,23,152.0
2026-06-10 20:34:40.689,f24fcf2f-f2c4-4925-aa40-0b4a98db4aa7,0,291.58,292,152.0
2026-06-10 20:34:41.164,cf5a23ab-625b-490a-8db4-3be435085d41,0,1.53,2,152.0
2026-06-10 20:34:41.198,10a6a705-b252-4605-87aa-b19bbe98e953,0,50.43,51,152.0
2026-06-10 20:34:41.203,178adb9d-5534-4551-b1b6-e6a928553fc2,0,48.95,49,152.0
2026-06-10 20:34:41.378,036e70da-f852-4470-ac08-661dd39c516c,0,1.53,2,152.0
2026-06-10 20:34:41.439,f8436477-6b10-44ce-a7ee-5b793fb91c56,0,289.25,290,152.0
2026-06-10 20:34:41.448,a79d4c56-15a8-4ba1-86b2-0f76c58a0f63,0,284.63,285,152.0
2026-06-10 20:34:42.052,cd94ad6b-1d79-4238-b384-1d83787747da,0,1.7,2,152.0
2026-06-10 20:34:42.065,77b61b79-16a4-40a3-8800-3a521eb563b4,0,1.54,2,152.0
2026-06-10 20:34:42.103,bc076ee7-afea-4710-91bd-982f7785a677,0,52.95,53,152.0
2026-06-10 20:34:42.104,be67a3c0-3b5b-4872-8c9b-59d1609e6ae6,0,51.71,52,152.0
2026-06-10 20:34:42.116,7541b907-4b85-425a-bb1a-9cc7fd6b2d72,0,49.55,50,152.0
2026-06-10 20:34:42.161,cadc2ac0-a4a3-434e-9f6c-80d0fb61794d,0,51.24,52,152.0
2026-06-10 20:34:42.502,c3f04dbc-a650-473b-ba3b-59a4f32bdde4,0,361.89,362,152.0
2026-06-10 20:34:43.231,b59e66c4-2f30-4bba-84e2-b3c2e5adc2fc,0,290.19,291,152.0
2026-06-10 20:34:43.287,8fce1c39-2449-4847-9e64-969ea1457f53,0,348.76,349,152.0
2026-06-10 20:34:43.722,c41d6564-c7ab-4f30-99f8-26275549e695,0,1.64,2,152.0
2026-06-10 20:34:43.742,cc118d65-4a8a-496a-9f7a-ee7d88df5801,0,1.48,2,152.0
2026-06-10 20:34:44.062,683bd4e5-74e2-49de-bc49-fbca4db0e4a1,0,341.02,342,152.0
2026-06-10 20:34:44.610,fcd38753-8caa-4b18-8981-1af207b38ad8,0,1.65,2,152.0
2026-06-10 20:34:50.829,24426e01-6c7d-4aa1-b2d4-9edd23de9a8a,0,53.64,54,150.0
2026-06-10 20:34:51.018,b7352c64-ed62-4a02-a26e-ed40c5d1f14d,0,320.93,321,152.0
2026-06-10 20:34:51.054,8fc99b2a-c528-4e2a-8323-3916327ee02a,0,319.53,320,152.0
2026-06-10 20:34:51.445,1eb406ac-2f26-4c10-a994-249794c3f06c,0,14.73,15,152.0
2026-06-10 20:34:51.501,23a3f7f4-5e02-4784-b7b2-185e6136d2b5,0,56.24,57,152.0
2026-06-10 20:34:51.559,0719cdaa-53ce-4764-8e5f-8fae1dd31c3d,0,1.52,2,152.0
2026-06-10 20:34:51.564,dde7d38d-a828-475a-ad72-34daa0d787be,0,1.59,2,151.0
2026-06-10 20:34:51.582,bb56b911-486a-4a50-b422-73d63521bff1,0,1.67,2,151.0
2026-06-10 20:34:51.588,511970c5-0377-49c6-8c9d-d540bb1c4735,0,27.8,28,152.0
2026-06-10 20:34:51.603,7435222b-a1b5-4f33-a7e3-6a1107d18c56,0,23.05,24,152.0
2026-06-10 20:34:51.700,98774909-1e3d-4de9-87e9-353e99d2ef3f,0,274.22,275,152.0
2026-06-10 20:34:51.750,da2c14b8-8774-4817-8cd5-ef440f08d560,0,312.66,313,150.0
2026-06-10 20:34:52.344,7cd745b2-f2f0-46f1-a80f-ef7de8401e5e,0,1.6,2,150.0
2026-06-10 20:34:52.383,b6006faa-536d-4f3c-a194-0ae01d7915dd,0,13.78,14,152.0
2026-06-10 20:34:52.388,1bf102ad-f467-4268-8635-c1a55f2ba29e,0,24.68,25,150.0
2026-06-10 20:34:52.404,9ea96bab-4d2d-431a-8e42-430380156fa9,0,40.66,41,152.0
2026-06-10 20:34:52.423,ad84427c-8b80-40e7-9ba5-89ae65132cc8,0,1.47,2,150.0
2026-06-10 20:34:52.444,136ec288-3704-4124-8f68-bef790c04126,0,24.07,25,152.0
2026-06-10 20:34:52.669,592497bc-9208-4724-a206-80c8596db884,0,305.56,306,152.0
2026-06-10 20:34:52.713,550ee470-83c6-4927-a303-4d949a9511b6,0,296.93,297,152.0
2026-06-10 20:34:52.730,68cf13bc-1c0d-4c8f-9639-8cc4d180c773,0,365.58,366,151.0
2026-06-10 20:34:53.024,f041e48c-7e62-4492-9c6f-8638d711bd1f,0,1.59,2,151.0
2026-06-10 20:34:53.072,948251c0-08fd-428f-86d7-7f7e0603c20a,0,11.36,12,150.0
2026-06-10 20:34:53.237,3dc16817-e110-4889-9871-2f1cceb12dc3,0,23.58,24,150.0
2026-06-10 20:34:53.272,80dd1faa-99cb-47c3-a6ae-a8b2e4a80a41,0,1.54,2,150.0
2026-06-10 20:34:53.319,8bbcfc09-8197-4c36-9d12-b534ba6978a5,0,294.05,295,152.0
2026-06-10 20:34:53.339,38d30503-59ac-4ba0-b1ca-75d59329ea91,0,284.53,285,151.0
2026-06-10 20:34:53.352,04466009-d120-4977-a830-a78377f4fb7a,0,296.65,297,152.0
2026-06-10 20:34:53.985,5341bbd5-6ed8-4950-9b7a-07d27f6449a7,0,14.96,15,152.0
2026-06-10 20:34:54.040,3fab579a-041d-4871-b83a-d20ebbb6b34e,0,983.18,984,152.0
2026-06-10 20:34:54.134,4d59c926-7029-4df7-a35b-163544d7defa,0,1.5,2,152.0
2026-06-10 20:34:54.161,c51ab9ed-5603-4f51-aa36-b5fb7b5e9cf2,0,1.53,2,152.0
2026-06-10 20:34:54.170,371c0942-b799-4309-98df-641ca500ed18,0,28.98,29,152.0
2026-06-10 20:34:54.172,66409cdc-7bde-49f2-8dbc-f498ea11a38d,0,1.47,2,152.0
2026-06-10 20:34:54.190,172c080e-a88a-419a-8e28-87eee8cb22d5,0,23.07,24,152.0
2026-06-10 20:34:54.270,3f28438b-ad3f-441f-971e-a3fada3cd8ca,0,294.69,295,151.0
2026-06-10 20:34:54.452,174f1e31-efb7-4e56-9f9b-ac3b5175f29e,0,275.52,276,152.0
2026-06-10 20:34:54.829,55f7359b-8e4a-4d87-9e78-78eb2de7dfb9,0,1.69,2,152.0
2026-06-10 20:34:54.876,eb8b736b-2d0b-4795-8009-402ee067eaf5,0,15.54,16,152.0
2026-06-10 20:34:54.880,1865885c-975b-4de0-997e-00459e38aaaa,0,15.22,16,152.0
2026-06-10 20:34:54.933,a0595576-9070-499e-b679-968b97699e43,0,1.48,2,152.0
2026-06-10 20:34:54.960,61abd7e6-9045-474e-ba15-4b13da268f6d,0,25.37,26,152.0
2026-06-10 20:34:54.974,c6cdc0ec-67ca-4452-8d67-2c484389ff07,0,25.5,26,152.0
2026-06-10 20:34:55.035,3ea71c0e-e5bf-4db4-af7a-ea51e5781f27,0,23.12,24,152.0
2026-06-10 20:34:55.143,1178a517-4195-44d5-9ee6-62393812f63d,0,288.96,289,152.0
2026-06-10 20:34:55.224,ae098004-3faa-43a8-b79c-6cfa290fec1d,0,363.57,364,152.0
2026-06-10 20:34:55.270,b9be3074-bacd-4098-9049-0509988386b1,0,308.85,309,151.0
2026-06-10 20:34:55.761,329ed9a8-5c8c-4ae8-9c81-ccf85f14553d,0,14.03,15,151.0
2026-06-10 20:34:55.764,dd641a6f-8404-48fb-a97b-9c49905139ed,0,13.07,14,152.0
2026-06-10 20:34:55.765,8c3a08dc-04d5-4e5c-84de-31a1657b14c5,0,13.12,14,152.0
2026-06-10 20:34:55.829,02f00ca7-a186-4260-85eb-b46bda0028a5,0,2.15,3,152.0
2026-06-10 20:34:55.829,42f8ee08-f20d-41e7-bda7-98d1bb8e37d3,0,1.52,2,152.0
2026-06-10 20:34:55.852,62ffaacc-5465-4a36-be82-4c0f5177a689,0,23.29,24,151.0
2026-06-10 20:34:56.092,f9e238bc-0f7a-4064-ac74-12af7292cf0b,0,344.61,345,152.0
2026-06-10 20:34:56.555,e30588ec-6110-480c-8025-8b46753b3305,0,1.94,2,152.0
2026-06-10 20:35:01.848,7e1ea2fe-53a2-4d05-ae8f-3e7d4ff27bc2,0,42.08,43,152.0
2026-06-10 20:35:02.638,3905d856-5ee6-43c9-ba0d-460884857788,0,43.65,44,152.0
2026-06-10 20:35:03.358,fb83f28a-4911-4eae-a814-71e56c988dbd,0,49.91,50,152.0
2026-06-10 20:35:03.401,52d356ab-937a-4c3c-8ae1-98e03dbf9ea4,0,74.35,75,152.0
2026-06-10 20:35:04.230,60959e3a-5e74-481a-ac27-a41cc368a85b,0,46.25,47,152.0
2026-06-10 20:35:04.267,97833a94-26c9-4cd7-8558-d6ec2a3576a1,0,43.89,44,152.0
2026-06-10 20:35:04.322,12472bb6-e1a5-4c77-a00e-40e28c7a8a2b,0,50.52,51,152.0
2026-06-10 20:35:04.468,53d24b66-db94-4bf6-81ab-b80bbe48c7c2,0,45.27,46,152.0
2026-06-10 20:35:05.102,415a6524-34b8-46ed-bb38-d38557cfc3bb,0,1.7,2,152.0
2026-06-10 20:35:05.172,62bb93da-c065-413d-94b3-c0213a9a639e,0,49.73,50,152.0
2026-06-10 20:35:05.387,206c2a20-3adc-48a5-86d9-9a6920012eec,0,288.58,289,152.0
2026-06-10 20:35:05.521,e9387add-2196-471d-9725-e02aa5bd375a,0,320.19,321,152.0
2026-06-10 20:35:05.820,ced565e2-ad65-4610-b14a-2f436bdff773,0,45.54,46,152.0
2026-06-10 20:35:06.053,be69df17-a4fa-4dcf-83b3-3b1e2a5283b3,0,300.46,301,152.0
2026-06-10 20:35:06.745,ef0fbebe-f1e3-4ea7-b9ce-b99b13d6235a,0,47.12,48,152.0
2026-06-10 20:35:06.764,c2ffdc25-5424-46e6-ae9d-ef96a7a76b64,0,1.68,2,152.0
2026-06-10 20:35:07.139,37915b97-0b20-4e84-a324-6a29f108d394,0,308.36,309,152.0
2026-06-10 20:35:07.636,f151eab2-d08f-4e6e-bcb5-99952cbc833d,0,47.95,48,152.0
2026-06-10 20:35:07.642,e2a06e93-3a01-49ef-a8d9-1bc29c2eeb1a,0,1.76,2,144.0
2026-06-10 20:35:07.643,89db13e8-742a-4d85-8962-61b8f5257868,0,1.34,2,152.0
2026-06-10 20:35:07.953,3ccbc9c7-21fb-4a1e-8390-d956fb138807,0,328.74,329,152.0
2026-06-10 20:35:08.480,1c04c88d-fbbf-489f-9d10-b382c4e4f230,0,1.44,2,152.0
2026-06-10 20:35:08.490,f6102c8f-dd9e-449f-854d-e34ed3be5cce,0,1.7,2,144.0
2026-06-10 20:35:08.517,4cba81e5-01fb-4415-8e1b-23c269de0d9e,0,49.7,50,152.0
2026-06-10 20:35:08.530,5c9ef535-4bc8-458f-a1db-ae82b5f915ce,0,44.03,45,152.0
2026-06-10 20:35:09.468,9fad1834-5077-4f14-856d-560fd18a8e9a,0,50.11,51,152.0
2026-06-10 20:35:10.643,30cdc88e-774f-4df6-9896-8d80a3bfec14,0,341.86,342,152.0
2026-06-10 20:35:11.070,0a18ce8c-4ce6-4e5b-be66-27afc0404bab,0,1.61,2,152.0
2026-06-10 20:35:11.082,6fb1d418-4aa7-4ab9-a5d3-d77e64ba38a4,0,1.53,2,152.0
2026-06-10 20:35:11.105,87557cb1-eb3b-4635-8b86-eab12303417f,0,2.49,3,152.0
2026-06-10 20:35:18.085,7b71ec99-7f58-4f00-862e-3e939c303ce6,0,72.26,73,152.0
2026-06-10 20:35:18.756,22d75bb3-9dfa-41c8-b6e4-f4fed3dc9cf9,0,41.48,42,152.0
2026-06-10 20:35:19.694,19c488d4-a9f0-4faa-ad50-3c67ff010ec7,0,49.48,50,152.0
2026-06-10 20:35:20.445,65e3290a-6f0c-4033-8a0d-867cb5abf547,0,14.23,15,153.0
2026-06-10 20:35:20.752,cfd1f5ef-93f3-4fae-a095-ef22060c2da7,0,319.44,320,152.0
2026-06-10 20:35:20.761,1c9bc698-1ad1-488e-9b12-fb74667bd4a0,0,327.21,328,152.0
2026-06-10 20:35:20.761,91c69887-f571-4a44-811a-df43b81cbbe5,0,327.88,328,151.0
2026-06-10 20:35:21.120,330be436-41cc-4fae-b40b-3f05bd6464ab,0,1.63,2,152.0
2026-06-10 20:35:21.123,1f18cded-0851-4d63-964d-3e90600bd524,0,1.69,2,153.0
2026-06-10 20:35:21.135,e2defc91-f4e1-4e63-9208-a005d6854a57,0,15.9,16,151.0
2026-06-10 20:35:21.435,1bc1fd59-66ca-42b3-a532-9c7c1b01309f,0,316.44,317,152.0
2026-06-10 20:35:21.446,a231c50d-5a7a-4757-bba4-85fe5e278c08,0,321.5,322,152.0
2026-06-10 20:35:21.997,0191a303-a81e-4b05-b2c6-eb1fc2b7e690,0,1.84,2,152.0
2026-06-10 20:35:22.038,829aadb8-a62d-4f0d-abd4-0a0394ea8548,0,1.68,2,152.0
2026-06-10 20:35:22.083,eb98c1e0-c568-4192-8e86-2206e4b4d1b1,0,14.66,15,152.0
2026-06-10 20:35:22.117,9bfa60f6-7901-487d-adfe-7acc9fc6d532,0,48.21,49,151.0
2026-06-10 20:35:22.311,f1f421b6-d746-4465-8f5c-c8b72ad483c3,0,320.63,321,152.0
2026-06-10 20:35:22.511,fd18d771-b369-41ff-b34c-67e85f329c6b,0,327.31,328,151.0
2026-06-10 20:35:22.910,9a706ce4-8c8c-4cad-9022-78d03bcd398a,0,14.79,15,151.0
2026-06-10 20:35:22.963,044fd9c8-bbcb-4654-b7c0-7a3466ba07d2,0,45.32,46,152.0
2026-06-10 20:35:22.969,67350f37-7437-4b9f-b60e-5204e71c341e,0,1.45,2,152.0
2026-06-10 20:35:23.022,c1e19e3b-507d-4222-babb-2428c7303279,0,46.5,47,152.0
2026-06-10 20:35:23.107,242c6547-e45a-4e2e-97ec-2fe8bbc6102c,0,1.55,2,152.0
2026-06-10 20:35:23.232,69239d56-5dc6-4ef8-8a65-29859b99a872,0,313.79,314,152.0
2026-06-10 20:35:23.647,7d0ace7a-cdf9-47de-9c95-617359678438,0,1.44,2,152.0
2026-06-10 20:35:23.662,ae94bf75-0287-43ba-834f-528e0cef5d21,0,49.59,50,152.0
2026-06-10 20:35:23.938,dabd1581-4334-4703-ba7c-289ec843b0fa,0,311.12,312,152.0
2026-06-10 20:35:24.557,93091160-35b5-4975-b180-f3e1948397a2,0,2.75,3,153.0
2026-06-10 20:35:24.566,93f205ca-2243-4991-a54c-84626fdec49a,0,15.13,16,152.0
2026-06-10 20:35:24.855,5f23948f-ff44-4b83-9a54-a3d9c5f4480f,0,312.21,313,152.0
2026-06-10 20:35:24.866,89b33192-2714-4b7f-bce0-c31194a701ee,0,323.95,324,152.0
2026-06-10 20:35:25.604,c455ca29-6279-4a1b-8fd6-19d51ddf6538,0,1.48,2,152.0
2026-06-10 20:35:25.621,5c7da0da-4b90-4084-b21d-020dfc4027c3,0,1.58,2,152.0
2026-06-10 20:35:25.684,ede25a63-0bf7-4077-9c09-4a8848fcc223,0,51.11,52,152.0
2026-06-10 20:35:25.946,388457a9-2b6d-4736-acdf-7fcc6b736e3f,0,288.36,289,152.0
2026-06-10 20:35:25.970,5d43b30d-61c4-4b2d-ac8d-1ee2dc9b4b45,0,340.71,341,152.0
2026-06-10 20:35:26.529,741cebf4-069b-4bd4-81fe-41a43e91f049,0,1.82,2,153.0
2026-06-10 20:35:26.612,cce1771e-6909-4511-8345-5527886961da,0,299.81,300,152.0
2026-06-10 20:35:26.621,9ed205e2-b038-4485-b77f-da74ac608543,0,307.49,308,152.0
2026-06-10 20:35:26.654,e3156b63-a478-4fb4-a68a-bd37cb418abb,0,306.29,307,152.0
2026-06-10 20:35:27.253,f6d77722-ff70-4a78-9d14-35d7b3914789,0,1.5,2,152.0
2026-06-10 20:35:27.253,3cf4fe31-aa9e-4c57-8107-dcbd22d4dd01,0,1.38,2,152.0
2026-06-10 20:35:27.559,329ba355-6285-4a7f-ba8f-092cfa514831,0,292.45,293,152.0
2026-06-10 20:35:27.594,c1a42bb5-38e4-4d80-adbb-c2ef06325eba,0,343.78,344,152.0
2026-06-10 20:35:27.599,9063d5d5-e2ec-48fd-af9d-32adf271a3f1,0,343.59,344,153.0
2026-06-10 20:35:28.028,983441b9-2532-4a0f-8f69-e6b4f040abba,0,1.57,2,153.0
2026-06-10 20:35:28.044,faf0d1a1-65a1-4dff-99f8-c27d2dd8fa32,0,1.47,2,153.0
2026-06-10 20:35:28.076,8f5c0354-df9b-4c0e-a077-ae4bb7e66049,0,14.55,15,153.0
2026-06-10 20:35:28.352,d974fb99-e31e-4e99-b156-7dfd786c43aa,0,322.21,323,152.0
2026-06-10 20:35:29.003,392f0697-0f92-413b-bea5-ff23de9b35c2,0,1.39,2,152.0
